<?xml version = '1.0' encoding = 'UTF-8'?>
<Entity class="oracle.dbtools.crest.model.design.logical.Entity" directorySegmentName="seg_0" id="02B4B38F-C71C-3F2C-8C25-8E790056B90F" name="unidade_medida">
<createdBy>Lucas</createdBy>
<createdTime>2025-04-16 18:45:10 UTC</createdTime>
<ownerDesignName>exportacao_farm_tech</ownerDesignName>
<engineerTo>
<item key="C8905BFD-6846-F80D-AB16-CFC17DFE0C62" value="true"/>
</engineerTo>
<adequatelyNormalized>NO</adequatelyNormalized>
<expectedVolumes>0</expectedVolumes>
<fwdEngineeringStrategyName>Single Table</fwdEngineeringStrategyName>
<growthPercent>0</growthPercent>
<growthType>Year</growthType>
<maxVolumes>9999999</maxVolumes>
<minVolumes>0</minVolumes>
<normalForm>Third</normalForm>
<attributes itemClass="oracle.dbtools.crest.model.design.logical.Attribute">
<Attribute name="id_unidade" id="92EDCAC2-636C-788C-7073-A07CC663E694">
<createdBy>Lucas</createdBy>
<createdTime>2025-04-16 18:45:23 UTC</createdTime>
<ownerDesignName>exportacao_farm_tech</ownerDesignName>
<engineerTo>
<item key="C8905BFD-6846-F80D-AB16-CFC17DFE0C62" value="true"/>
</engineerTo>
<useDomainConstraints>false</useDomainConstraints>
<use>1</use>
<logicalDatatype>LOGDT011</logicalDatatype>
<ownDataTypeParameters>,,</ownDataTypeParameters>
</Attribute>
<Attribute name="nome" id="58DA695B-CD38-2145-CC61-93A17E67D271">
<createdBy>Lucas</createdBy>
<createdTime>2025-04-16 18:45:43 UTC</createdTime>
<ownerDesignName>exportacao_farm_tech</ownerDesignName>
<engineerTo>
<item key="C8905BFD-6846-F80D-AB16-CFC17DFE0C62" value="true"/>
</engineerTo>
<nullsAllowed>true</nullsAllowed>
<useDomainConstraints>false</useDomainConstraints>
<use>1</use>
<logicalDatatype>LOGDT024</logicalDatatype>
<dataTypeSize>20</dataTypeSize>
<ownDataTypeParameters>20,,</ownDataTypeParameters>
</Attribute>
</attributes>
<identifiers itemClass="oracle.dbtools.crest.model.design.logical.CandidateKey">
<identifier id="8912F1F0-ABB8-155B-2468-8811D8225EF4" name="unidade_medida PK">
<createdBy>Lucas</createdBy>
<createdTime>2025-04-16 18:45:34 UTC</createdTime>
<ownerDesignName>exportacao_farm_tech</ownerDesignName>
<engineerTo>
<item key="C8905BFD-6846-F80D-AB16-CFC17DFE0C62" value="true"/>
</engineerTo>
<pk>true</pk>
<usedAttributes>
<attributeRef>92EDCAC2-636C-788C-7073-A07CC663E694</attributeRef>
</usedAttributes>
</identifier>
</identifiers>
</Entity>