<?xml version = '1.0' encoding = 'UTF-8'?>
<Entity class="oracle.dbtools.crest.model.design.logical.Entity" directorySegmentName="seg_0" id="53B0522F-EC4E-9243-E9DB-79E34989DFFD" name="tiposensor">
<createdBy>tomat</createdBy>
<createdTime>2025-04-16 17:23:09 UTC</createdTime>
<generatorID>D062E3FA-5D5C-2A6F-D9D6-DDE1DBC67D88</generatorID>
<ownerDesignName>FarmTech</ownerDesignName>
<engineerTo>
<item key="C8905BFD-6846-F80D-AB16-CFC17DFE0C62" value="true"/>
</engineerTo>
<adequatelyNormalized>NO</adequatelyNormalized>
<expectedVolumes>0</expectedVolumes>
<fwdEngineeringStrategyName>Single Table</fwdEngineeringStrategyName>
<growthPercent>0</growthPercent>
<growthType>Year</growthType>
<maxVolumes>9999999</maxVolumes>
<minVolumes>0</minVolumes>
<normalForm>Third</normalForm>
<attributes itemClass="oracle.dbtools.crest.model.design.logical.Attribute">
<Attribute name="id_tipo_sensor" id="564C752A-2DD8-3DDE-7279-6EA5C6C2C543">
<createdBy>tomat</createdBy>
<createdTime>2025-04-16 17:23:09 UTC</createdTime>
<commentInRDBMS><![CDATA[o ID para indentificar do sensor]]></commentInRDBMS>
<generatorID>F0462E11-E27C-8DD7-A2C7-2D35A9D9644A</generatorID>
<ownerDesignName>FarmTech</ownerDesignName>
<engineerTo>
<item key="C8905BFD-6846-F80D-AB16-CFC17DFE0C62" value="true"/>
</engineerTo>
<useDomainConstraints>false</useDomainConstraints>
<use>1</use>
<logicalDatatype>LOGDT011</logicalDatatype>
<ownDataTypeParameters>,,</ownDataTypeParameters>
</Attribute>
<Attribute name="nome" id="D5CDC3E3-4CA8-0139-656E-E1E0DDB69B36">
<createdBy>tomat</createdBy>
<createdTime>2025-04-16 17:23:09 UTC</createdTime>
<commentInRDBMS><![CDATA[nome do sensor ( umidade, ph, nutriente p, nutriente K )]]></commentInRDBMS>
<generatorID>286CA429-342B-2E2A-1C29-8B434DF9D70B</generatorID>
<ownerDesignName>FarmTech</ownerDesignName>
<engineerTo>
<item key="C8905BFD-6846-F80D-AB16-CFC17DFE0C62" value="true"/>
</engineerTo>
<useDomainConstraints>false</useDomainConstraints>
<use>1</use>
<logicalDatatype>LOGDT024</logicalDatatype>
<dataTypeSize>100</dataTypeSize>
<ownDataTypeParameters>100,,</ownDataTypeParameters>
</Attribute>
</attributes>
<identifiers itemClass="oracle.dbtools.crest.model.design.logical.CandidateKey">
<identifier id="ACAC2931-5ACE-F886-F0B7-F999E0032BF2" name="tiposensor_PK">
<createdBy>tomat</createdBy>
<createdTime>2025-04-16 17:23:09 UTC</createdTime>
<generatorID>1D786D4A-6D32-464E-9495-2891B21A5AB2</generatorID>
<ownerDesignName>FarmTech</ownerDesignName>
<shouldEngineer>false</shouldEngineer>
<engineerTo>
<item key="C8905BFD-6846-F80D-AB16-CFC17DFE0C62" value="false"/>
</engineerTo>
<pk>true</pk>
<usedAttributes>
<attributeRef>564C752A-2DD8-3DDE-7279-6EA5C6C2C543</attributeRef>
</usedAttributes>
</identifier>
</identifiers>
</Entity>