<?xml version = '1.0' encoding = 'UTF-8'?>
<Entity class="oracle.dbtools.crest.model.design.logical.Entity" directorySegmentName="seg_0" id="6B8DC6D8-CBD1-C2BA-0E6D-F241865C5D01" name="campo">
<createdBy>tomat</createdBy>
<createdTime>2025-04-16 17:23:09 UTC</createdTime>
<generatorID>5C9A376B-ACD6-ABA2-D0A1-41C8FA50426F</generatorID>
<ownerDesignName>FarmTech</ownerDesignName>
<engineerTo>
<item key="C8905BFD-6846-F80D-AB16-CFC17DFE0C62" value="true"/>
</engineerTo>
<adequatelyNormalized>NO</adequatelyNormalized>
<expectedVolumes>0</expectedVolumes>
<fwdEngineeringStrategyName>Single Table</fwdEngineeringStrategyName>
<growthPercent>0</growthPercent>
<growthType>Year</growthType>
<maxVolumes>9999999</maxVolumes>
<minVolumes>0</minVolumes>
<normalForm>Third</normalForm>
<attributes itemClass="oracle.dbtools.crest.model.design.logical.Attribute">
<Attribute name="id campo" id="E12ED6CE-E6A1-201F-8775-D1404EF53C45">
<createdBy>tomat</createdBy>
<createdTime>2025-04-16 17:23:09 UTC</createdTime>
<generatorID>54CEDCB9-3943-C199-44DC-782682D659A9</generatorID>
<ownerDesignName>FarmTech</ownerDesignName>
<engineerTo>
<item key="C8905BFD-6846-F80D-AB16-CFC17DFE0C62" value="true"/>
</engineerTo>
<useDomainConstraints>false</useDomainConstraints>
<use>1</use>
<logicalDatatype>LOGDT011</logicalDatatype>
<ownDataTypeParameters>,,</ownDataTypeParameters>
</Attribute>
<Attribute name="id_propriedade" id="03A63620-10B5-B60A-A954-F9FFDB42A76B">
<createdBy>tomat</createdBy>
<createdTime>2025-04-16 17:23:09 UTC</createdTime>
<generatorID>AD1801E4-29EA-0A0F-F928-AEF48448A093</generatorID>
<ownerDesignName>FarmTech</ownerDesignName>
<engineerTo>
<item key="C8905BFD-6846-F80D-AB16-CFC17DFE0C62" value="true"/>
</engineerTo>
<referedAttribute>74BDA920-26E8-D0F1-7464-9D65E3BF6758</referedAttribute>
<useDomainConstraints>false</useDomainConstraints>
<use>1</use>
<logicalDatatype>LOGDT011</logicalDatatype>
<ownDataTypeParameters>,,</ownDataTypeParameters>
</Attribute>
<Attribute name="identificador" id="E9A34BB9-B7BC-9FEC-59F7-C4939DB1349D">
<createdBy>tomat</createdBy>
<createdTime>2025-04-16 17:23:09 UTC</createdTime>
<commentInRDBMS><![CDATA[Nome do lote, ex: lota A1 ou Campo norte]]></commentInRDBMS>
<generatorID>BD5B97FE-0671-7C9D-B269-43AC01D4B3AB</generatorID>
<ownerDesignName>FarmTech</ownerDesignName>
<engineerTo>
<item key="C8905BFD-6846-F80D-AB16-CFC17DFE0C62" value="true"/>
</engineerTo>
<useDomainConstraints>false</useDomainConstraints>
<use>1</use>
<logicalDatatype>LOGDT024</logicalDatatype>
<dataTypeSize>100</dataTypeSize>
<ownDataTypeParameters>100,,</ownDataTypeParameters>
</Attribute>
<Attribute name="area_hectares" id="C99638D4-AF98-0E5E-AF72-6B3F05B70B38">
<createdBy>tomat</createdBy>
<createdTime>2025-04-16 17:23:09 UTC</createdTime>
<commentInRDBMS><![CDATA[tamanho da area]]></commentInRDBMS>
<generatorID>C5610AEA-2B26-1779-2CF7-379645619C17</generatorID>
<ownerDesignName>FarmTech</ownerDesignName>
<engineerTo>
<item key="C8905BFD-6846-F80D-AB16-CFC17DFE0C62" value="true"/>
</engineerTo>
<nullsAllowed>true</nullsAllowed>
<useDomainConstraints>false</useDomainConstraints>
<use>1</use>
<logicalDatatype>LOGDT019</logicalDatatype>
<ownDataTypeParameters>,,</ownDataTypeParameters>
</Attribute>
<Attribute name="localizacao_geo" id="D982491C-F6C3-1C5F-A526-26B7A6E32B99">
<createdBy>tomat</createdBy>
<createdTime>2025-04-16 17:23:09 UTC</createdTime>
<commentInRDBMS><![CDATA[por exemplo coordenada]]></commentInRDBMS>
<generatorID>A695C013-0C9D-112D-C4FF-85D0283FDF7A</generatorID>
<ownerDesignName>FarmTech</ownerDesignName>
<engineerTo>
<item key="C8905BFD-6846-F80D-AB16-CFC17DFE0C62" value="true"/>
</engineerTo>
<nullsAllowed>true</nullsAllowed>
<useDomainConstraints>false</useDomainConstraints>
<use>3</use>
<structuredType>47E390DE-0671-C4B1-8428-0F45CBEE18F8</structuredType>
<ownDataTypeParameters>,,</ownDataTypeParameters>
</Attribute>
</attributes>
<identifiers itemClass="oracle.dbtools.crest.model.design.logical.CandidateKey">
<identifier id="91FE3930-592C-5F10-22D2-61E0BDFAD0B1" name="campo_PK">
<createdBy>tomat</createdBy>
<createdTime>2025-04-16 17:23:09 UTC</createdTime>
<generatorID>FCBDEBA0-1B31-6E23-57CD-C8C625631157</generatorID>
<ownerDesignName>FarmTech</ownerDesignName>
<shouldEngineer>false</shouldEngineer>
<engineerTo>
<item key="C8905BFD-6846-F80D-AB16-CFC17DFE0C62" value="false"/>
</engineerTo>
<pk>true</pk>
<usedAttributes>
<attributeRef>E12ED6CE-E6A1-201F-8775-D1404EF53C45</attributeRef>
</usedAttributes>
</identifier>
<identifier id="CD7543B9-2847-7758-FEAF-0D8F770D6778" name="campo identificador un">
<createdBy>Lucas</createdBy>
<createdTime>2025-04-16 18:34:36 UTC</createdTime>
<generatorID>230D4A05-A8F0-6CC5-131F-5FACBD1A415A</generatorID>
<ownerDesignName>exportacao_farm_tech</ownerDesignName>
<engineerTo>
<item key="C8905BFD-6846-F80D-AB16-CFC17DFE0C62" value="true"/>
</engineerTo>
<usedAttributes>
<attributeRef>E9A34BB9-B7BC-9FEC-59F7-C4939DB1349D</attributeRef>
</usedAttributes>
</identifier>
</identifiers>
</Entity>