<?xml version = '1.0' encoding = 'UTF-8'?>
<Entity class="oracle.dbtools.crest.model.design.logical.Entity" directorySegmentName="seg_0" id="A0A26CA5-E955-A6C7-3581-7F92ED6AFA17" name="leiturasensor">
<createdBy>tomat</createdBy>
<createdTime>2025-04-16 17:23:09 UTC</createdTime>
<generatorID>D555E550-3912-EE1C-F663-2FFA5BFEA47E</generatorID>
<ownerDesignName>FarmTech</ownerDesignName>
<engineerTo>
<item key="C8905BFD-6846-F80D-AB16-CFC17DFE0C62" value="true"/>
</engineerTo>
<adequatelyNormalized>NO</adequatelyNormalized>
<expectedVolumes>0</expectedVolumes>
<fwdEngineeringStrategyName>Single Table</fwdEngineeringStrategyName>
<growthPercent>0</growthPercent>
<growthType>Year</growthType>
<maxVolumes>9999999</maxVolumes>
<minVolumes>0</minVolumes>
<normalForm>Third</normalForm>
<attributes itemClass="oracle.dbtools.crest.model.design.logical.Attribute">
<Attribute name="id_leitura" id="48B57BCE-E1C9-ECEB-1B8C-33950432D94F">
<createdBy>tomat</createdBy>
<createdTime>2025-04-16 17:23:09 UTC</createdTime>
<commentInRDBMS><![CDATA[identidade da leitura]]></commentInRDBMS>
<generatorID>691D48C9-6E10-0100-6DD3-8B82761D1908</generatorID>
<ownerDesignName>FarmTech</ownerDesignName>
<engineerTo>
<item key="C8905BFD-6846-F80D-AB16-CFC17DFE0C62" value="true"/>
</engineerTo>
<useDomainConstraints>false</useDomainConstraints>
<use>1</use>
<logicalDatatype>LOGDT011</logicalDatatype>
<ownDataTypeParameters>,,</ownDataTypeParameters>
</Attribute>
<Attribute name="id_plantio" id="7FDD4D40-ADF3-2FD3-BD19-4E6929018137">
<createdBy>Lucas</createdBy>
<createdTime>2025-04-16 18:40:56 UTC</createdTime>
<generatorID>E458553F-1FE6-D67B-6B93-0EF69FA644F8</generatorID>
<ownerDesignName>exportacao_farm_tech</ownerDesignName>
<engineerTo>
<item key="C8905BFD-6846-F80D-AB16-CFC17DFE0C62" value="true"/>
</engineerTo>
<referedAttribute>DF250260-CA4C-0F21-7EC0-0F60D81248F7</referedAttribute>
<useDomainConstraints>false</useDomainConstraints>
<use>1</use>
<logicalDatatype>LOGDT011</logicalDatatype>
<ownDataTypeParameters>,,</ownDataTypeParameters>
</Attribute>
<Attribute name="id_sensor" id="562E1AE0-3D30-1033-87E7-B19ED521CEC7">
<createdBy>Lucas</createdBy>
<createdTime>2025-04-16 18:59:11 UTC</createdTime>
<generatorID>82219143-6825-BB57-6A8F-48F9BA749AF4</generatorID>
<ownerDesignName>exportacao_farm_tech</ownerDesignName>
<engineerTo>
<item key="C8905BFD-6846-F80D-AB16-CFC17DFE0C62" value="true"/>
</engineerTo>
<referedAttribute>BEDB7F1C-6092-A118-E177-E7AF7430BF4E</referedAttribute>
<useDomainConstraints>false</useDomainConstraints>
<use>1</use>
<logicalDatatype>LOGDT011</logicalDatatype>
<ownDataTypeParameters>,,</ownDataTypeParameters>
</Attribute>
<Attribute name="id_unidade" id="C1A2E1F9-6B18-0F41-8319-0B71868E534F">
<createdBy>Lucas</createdBy>
<createdTime>2025-04-16 19:28:43 UTC</createdTime>
<generatorID>686CF893-FCC0-0EFB-1676-8F269519FB4E</generatorID>
<ownerDesignName>exportacao_farm_tech</ownerDesignName>
<engineerTo>
<item key="C8905BFD-6846-F80D-AB16-CFC17DFE0C62" value="true"/>
</engineerTo>
<referedAttribute>92EDCAC2-636C-788C-7073-A07CC663E694</referedAttribute>
<useDomainConstraints>false</useDomainConstraints>
<use>1</use>
<logicalDatatype>LOGDT011</logicalDatatype>
<ownDataTypeParameters>,,</ownDataTypeParameters>
</Attribute>
<Attribute name="data_hora_leitura" id="965CA4BD-5A68-8077-F62C-99A108AC9078">
<createdBy>tomat</createdBy>
<createdTime>2025-04-16 17:23:09 UTC</createdTime>
<commentInRDBMS><![CDATA[data e hota que captou a leitura]]></commentInRDBMS>
<generatorID>BD4E09CC-0996-7CAF-6EEA-0157FB8CD39A</generatorID>
<ownerDesignName>FarmTech</ownerDesignName>
<engineerTo>
<item key="C8905BFD-6846-F80D-AB16-CFC17DFE0C62" value="true"/>
</engineerTo>
<useDomainConstraints>false</useDomainConstraints>
<use>1</use>
<logicalDatatype>LOGDT047</logicalDatatype>
<dataTypePrecision>6</dataTypePrecision>
<ownDataTypeParameters>,6,</ownDataTypeParameters>
</Attribute>
<Attribute name="valor_lido" id="377725AA-C51A-70B0-8844-E533510F024C">
<createdBy>tomat</createdBy>
<createdTime>2025-04-16 17:23:09 UTC</createdTime>
<commentInRDBMS><![CDATA[o valor lido como numero, podendo ser ph,humidade e etc]]></commentInRDBMS>
<generatorID>6D7198D0-A14B-866F-C94D-308E07DAAFE7</generatorID>
<ownerDesignName>FarmTech</ownerDesignName>
<engineerTo>
<item key="C8905BFD-6846-F80D-AB16-CFC17DFE0C62" value="true"/>
</engineerTo>
<useDomainConstraints>false</useDomainConstraints>
<use>1</use>
<logicalDatatype>LOGDT019</logicalDatatype>
<dataTypePrecision>12</dataTypePrecision>
<dataTypeScale>4</dataTypeScale>
<ownDataTypeParameters>,12,4</ownDataTypeParameters>
</Attribute>
</attributes>
<identifiers itemClass="oracle.dbtools.crest.model.design.logical.CandidateKey">
<identifier id="97623D8D-917F-B96D-C0D5-7ABDDA8B1BEA" name="leiturasensor_PK">
<createdBy>tomat</createdBy>
<createdTime>2025-04-16 17:23:09 UTC</createdTime>
<generatorID>2D3A2D74-6EFC-7B51-668C-745BDE228FBF</generatorID>
<ownerDesignName>FarmTech</ownerDesignName>
<shouldEngineer>false</shouldEngineer>
<engineerTo>
<item key="C8905BFD-6846-F80D-AB16-CFC17DFE0C62" value="false"/>
</engineerTo>
<pk>true</pk>
<usedAttributes>
<attributeRef>48B57BCE-E1C9-ECEB-1B8C-33950432D94F</attributeRef>
</usedAttributes>
</identifier>
</identifiers>
</Entity>