<?xml version = '1.0' encoding = 'UTF-8'?>
<Entity class="oracle.dbtools.crest.model.design.logical.Entity" directorySegmentName="seg_0" id="C700F290-F6BC-8B65-A449-4475AAE9A9CA" name="irrigacao">
<createdBy>Lucas</createdBy>
<createdTime>2025-04-16 19:21:30 UTC</createdTime>
<ownerDesignName>exportacao_farm_tech</ownerDesignName>
<engineerTo>
<item key="C8905BFD-6846-F80D-AB16-CFC17DFE0C62" value="true"/>
</engineerTo>
<adequatelyNormalized>NO</adequatelyNormalized>
<expectedVolumes>0</expectedVolumes>
<fwdEngineeringStrategyName>Single Table</fwdEngineeringStrategyName>
<growthPercent>0</growthPercent>
<growthType>Year</growthType>
<maxVolumes>9999999</maxVolumes>
<minVolumes>0</minVolumes>
<normalForm>Third</normalForm>
<attributes itemClass="oracle.dbtools.crest.model.design.logical.Attribute">
<Attribute name="id_irrigacao" id="0A47FF6D-9D5E-96F1-B627-B353ECFE4D84">
<createdBy>Lucas</createdBy>
<createdTime>2025-04-16 19:21:52 UTC</createdTime>
<ownerDesignName>exportacao_farm_tech</ownerDesignName>
<engineerTo>
<item key="C8905BFD-6846-F80D-AB16-CFC17DFE0C62" value="true"/>
</engineerTo>
<useDomainConstraints>false</useDomainConstraints>
<use>1</use>
<logicalDatatype>LOGDT011</logicalDatatype>
<ownDataTypeParameters>,,</ownDataTypeParameters>
</Attribute>
<Attribute name="id_unidade" id="6149438F-257A-1677-E1CA-7AC1868D618E">
<createdBy>Lucas</createdBy>
<createdTime>2025-04-16 19:24:53 UTC</createdTime>
<generatorID>2B3A79CF-9FA6-2CFB-9C3E-432F40B4D4BA</generatorID>
<ownerDesignName>exportacao_farm_tech</ownerDesignName>
<engineerTo>
<item key="C8905BFD-6846-F80D-AB16-CFC17DFE0C62" value="true"/>
</engineerTo>
<referedAttribute>92EDCAC2-636C-788C-7073-A07CC663E694</referedAttribute>
<useDomainConstraints>false</useDomainConstraints>
<use>1</use>
<logicalDatatype>LOGDT011</logicalDatatype>
<ownDataTypeParameters>,,</ownDataTypeParameters>
</Attribute>
<Attribute name="id_plantio" id="1735706A-A0E7-D752-A84C-48C6B9D1EBFD">
<createdBy>Lucas</createdBy>
<createdTime>2025-04-16 19:25:46 UTC</createdTime>
<generatorID>00D62E1F-FC8F-19F0-FDA2-F6F6D36A051B</generatorID>
<ownerDesignName>exportacao_farm_tech</ownerDesignName>
<engineerTo>
<item key="C8905BFD-6846-F80D-AB16-CFC17DFE0C62" value="true"/>
</engineerTo>
<referedAttribute>DF250260-CA4C-0F21-7EC0-0F60D81248F7</referedAttribute>
<useDomainConstraints>false</useDomainConstraints>
<use>1</use>
<logicalDatatype>LOGDT011</logicalDatatype>
<ownDataTypeParameters>,,</ownDataTypeParameters>
</Attribute>
<Attribute name="quantidade_total" id="48224D97-105B-053D-BC38-75101E730B85">
<createdBy>Lucas</createdBy>
<createdTime>2025-04-16 19:22:05 UTC</createdTime>
<ownerDesignName>exportacao_farm_tech</ownerDesignName>
<engineerTo>
<item key="C8905BFD-6846-F80D-AB16-CFC17DFE0C62" value="true"/>
</engineerTo>
<useDomainConstraints>false</useDomainConstraints>
<use>1</use>
<logicalDatatype>LOGDT019</logicalDatatype>
<dataTypePrecision>12</dataTypePrecision>
<dataTypeScale>3</dataTypeScale>
<ownDataTypeParameters>,12,3</ownDataTypeParameters>
</Attribute>
<Attribute name="inicio" id="56681C9B-0B07-A65B-13CD-BB55C80955BC">
<createdBy>Lucas</createdBy>
<createdTime>2025-04-16 19:23:40 UTC</createdTime>
<ownerDesignName>exportacao_farm_tech</ownerDesignName>
<engineerTo>
<item key="C8905BFD-6846-F80D-AB16-CFC17DFE0C62" value="true"/>
</engineerTo>
<useDomainConstraints>false</useDomainConstraints>
<use>1</use>
<logicalDatatype>LOGDT047</logicalDatatype>
<dataTypePrecision>6</dataTypePrecision>
<ownDataTypeParameters>,6,</ownDataTypeParameters>
</Attribute>
<Attribute name="fim" id="0A5E419A-A24A-37E7-6FAA-74E1094C8DE7">
<createdBy>Lucas</createdBy>
<createdTime>2025-04-16 19:24:30 UTC</createdTime>
<ownerDesignName>exportacao_farm_tech</ownerDesignName>
<engineerTo>
<item key="C8905BFD-6846-F80D-AB16-CFC17DFE0C62" value="true"/>
</engineerTo>
<nullsAllowed>true</nullsAllowed>
<useDomainConstraints>false</useDomainConstraints>
<use>1</use>
<logicalDatatype>LOGDT047</logicalDatatype>
<dataTypePrecision>6</dataTypePrecision>
<ownDataTypeParameters>,6,</ownDataTypeParameters>
</Attribute>
<Attribute name="observacao" id="1306BD37-7037-BDCC-B5A4-0BCD4C8C43F5">
<createdBy>Lucas</createdBy>
<createdTime>2025-04-16 19:25:10 UTC</createdTime>
<ownerDesignName>exportacao_farm_tech</ownerDesignName>
<engineerTo>
<item key="C8905BFD-6846-F80D-AB16-CFC17DFE0C62" value="true"/>
</engineerTo>
<nullsAllowed>true</nullsAllowed>
<useDomainConstraints>false</useDomainConstraints>
<use>1</use>
<logicalDatatype>LOGDT040</logicalDatatype>
<ownDataTypeParameters>,,</ownDataTypeParameters>
</Attribute>
</attributes>
<identifiers itemClass="oracle.dbtools.crest.model.design.logical.CandidateKey">
<identifier id="A4ABAEC9-27DD-59AC-5114-440D7E37B469" name="irrigacao PK">
<createdBy>Lucas</createdBy>
<createdTime>2025-04-16 19:22:03 UTC</createdTime>
<ownerDesignName>exportacao_farm_tech</ownerDesignName>
<engineerTo>
<item key="C8905BFD-6846-F80D-AB16-CFC17DFE0C62" value="true"/>
</engineerTo>
<pk>true</pk>
<usedAttributes>
<attributeRef>0A47FF6D-9D5E-96F1-B627-B353ECFE4D84</attributeRef>
</usedAttributes>
</identifier>
</identifiers>
</Entity>