<?xml version = '1.0' encoding = 'UTF-8'?>
<Entity class="oracle.dbtools.crest.model.design.logical.Entity" directorySegmentName="seg_0" id="DD08317C-598E-1BB5-FBBD-31FC023FC58D" name="aplicacao_nutrientes">
<createdBy>tomat</createdBy>
<createdTime>2025-04-16 17:23:09 UTC</createdTime>
<generatorID>1C267BD6-195E-E914-5921-F790966D6FBD</generatorID>
<ownerDesignName>FarmTech</ownerDesignName>
<engineerTo>
<item key="C8905BFD-6846-F80D-AB16-CFC17DFE0C62" value="true"/>
</engineerTo>
<adequatelyNormalized>NO</adequatelyNormalized>
<expectedVolumes>0</expectedVolumes>
<fwdEngineeringStrategyName>Single Table</fwdEngineeringStrategyName>
<growthPercent>0</growthPercent>
<growthType>Year</growthType>
<maxVolumes>9999999</maxVolumes>
<minVolumes>0</minVolumes>
<normalForm>Third</normalForm>
<attributes itemClass="oracle.dbtools.crest.model.design.logical.Attribute">
<Attribute name="id_aplicacao" id="D566E0C6-BBD1-2192-9C2C-EE6F2DA6E205">
<createdBy>tomat</createdBy>
<createdTime>2025-04-16 17:23:09 UTC</createdTime>
<commentInRDBMS><![CDATA[identitadade de registro de uma ação como de irrigação ou aplicação de nutriente para manter os dados guardados]]></commentInRDBMS>
<generatorID>E37BCCBF-DA52-03E8-0FD6-97688E968B68</generatorID>
<ownerDesignName>FarmTech</ownerDesignName>
<engineerTo>
<item key="C8905BFD-6846-F80D-AB16-CFC17DFE0C62" value="true"/>
</engineerTo>
<useDomainConstraints>false</useDomainConstraints>
<use>1</use>
<logicalDatatype>LOGDT011</logicalDatatype>
<ownDataTypeParameters>,,</ownDataTypeParameters>
</Attribute>
<Attribute name="id_plantio" id="EED1B0A4-974A-1416-4E86-DBBD46C830E8">
<createdBy>Lucas</createdBy>
<createdTime>2025-04-16 19:14:09 UTC</createdTime>
<generatorID>180D35A2-9173-7D07-F1D4-949EDE63AB68</generatorID>
<ownerDesignName>exportacao_farm_tech</ownerDesignName>
<engineerTo>
<item key="C8905BFD-6846-F80D-AB16-CFC17DFE0C62" value="true"/>
</engineerTo>
<referedAttribute>DF250260-CA4C-0F21-7EC0-0F60D81248F7</referedAttribute>
<useDomainConstraints>false</useDomainConstraints>
<use>1</use>
<logicalDatatype>LOGDT011</logicalDatatype>
<ownDataTypeParameters>,,</ownDataTypeParameters>
</Attribute>
<Attribute name="id_unidade" id="26DCCF75-276D-8AE3-6CF8-5C933759153D">
<createdBy>Lucas</createdBy>
<createdTime>2025-04-16 19:15:13 UTC</createdTime>
<generatorID>1D4EF359-80FB-CC61-8A3D-467FE82A7251</generatorID>
<ownerDesignName>exportacao_farm_tech</ownerDesignName>
<engineerTo>
<item key="C8905BFD-6846-F80D-AB16-CFC17DFE0C62" value="true"/>
</engineerTo>
<referedAttribute>92EDCAC2-636C-788C-7073-A07CC663E694</referedAttribute>
<useDomainConstraints>false</useDomainConstraints>
<use>1</use>
<logicalDatatype>LOGDT011</logicalDatatype>
<ownDataTypeParameters>,,</ownDataTypeParameters>
</Attribute>
<Attribute name="id_nutriente" id="3E556DB9-6D3C-843F-435B-326BFEA92935">
<createdBy>Lucas</createdBy>
<createdTime>2025-04-16 19:19:57 UTC</createdTime>
<generatorID>F7089D26-CBB2-F685-DACC-47AA9B2A2A0D</generatorID>
<ownerDesignName>exportacao_farm_tech</ownerDesignName>
<engineerTo>
<item key="C8905BFD-6846-F80D-AB16-CFC17DFE0C62" value="true"/>
</engineerTo>
<referedAttribute>8AE48F05-0A3D-377F-9B3B-6B310ADD2EBB</referedAttribute>
<useDomainConstraints>false</useDomainConstraints>
<use>1</use>
<logicalDatatype>LOGDT011</logicalDatatype>
<ownDataTypeParameters>,,</ownDataTypeParameters>
</Attribute>
<Attribute name="data_hora" id="21CC3688-497F-8272-1F0A-9ABC44213C35">
<createdBy>tomat</createdBy>
<createdTime>2025-04-16 17:23:09 UTC</createdTime>
<generatorID>BD13F05C-B13A-44F1-0AF2-976194ACC9C2</generatorID>
<ownerDesignName>FarmTech</ownerDesignName>
<engineerTo>
<item key="C8905BFD-6846-F80D-AB16-CFC17DFE0C62" value="true"/>
</engineerTo>
<useDomainConstraints>false</useDomainConstraints>
<use>1</use>
<logicalDatatype>LOGDT047</logicalDatatype>
<dataTypePrecision>6</dataTypePrecision>
<ownDataTypeParameters>,6,</ownDataTypeParameters>
</Attribute>
<Attribute name="quantidade_aplicada" id="5EFA032C-FFBD-ECCF-B92E-3CE0F91D7531">
<createdBy>tomat</createdBy>
<createdTime>2025-04-16 17:23:09 UTC</createdTime>
<commentInRDBMS><![CDATA[quantidade de agua/produto]]></commentInRDBMS>
<generatorID>6F98FEED-FF67-2312-1016-F69CB581236E</generatorID>
<ownerDesignName>FarmTech</ownerDesignName>
<engineerTo>
<item key="C8905BFD-6846-F80D-AB16-CFC17DFE0C62" value="true"/>
</engineerTo>
<useDomainConstraints>false</useDomainConstraints>
<use>1</use>
<logicalDatatype>LOGDT019</logicalDatatype>
<dataTypePrecision>10</dataTypePrecision>
<dataTypeScale>2</dataTypeScale>
<ownDataTypeParameters>,10,2</ownDataTypeParameters>
</Attribute>
<Attribute name="observacao" id="A708300F-27B6-8464-176B-1783BA1A0BE5">
<createdBy>Lucas</createdBy>
<createdTime>2025-04-16 19:02:08 UTC</createdTime>
<ownerDesignName>exportacao_farm_tech</ownerDesignName>
<engineerTo>
<item key="C8905BFD-6846-F80D-AB16-CFC17DFE0C62" value="true"/>
</engineerTo>
<nullsAllowed>true</nullsAllowed>
<useDomainConstraints>false</useDomainConstraints>
<use>1</use>
<logicalDatatype>LOGDT040</logicalDatatype>
<ownDataTypeParameters>,,</ownDataTypeParameters>
</Attribute>
</attributes>
<identifiers itemClass="oracle.dbtools.crest.model.design.logical.CandidateKey">
<identifier id="E56850A5-417A-55B4-1324-B097C35C16FC" name="ajusteaplicacao_PK">
<createdBy>tomat</createdBy>
<createdTime>2025-04-16 17:23:09 UTC</createdTime>
<generatorID>4AA8C092-4305-A040-88A0-C7B5A01EE447</generatorID>
<ownerDesignName>FarmTech</ownerDesignName>
<shouldEngineer>false</shouldEngineer>
<engineerTo>
<item key="C8905BFD-6846-F80D-AB16-CFC17DFE0C62" value="false"/>
</engineerTo>
<pk>true</pk>
<usedAttributes>
<attributeRef>D566E0C6-BBD1-2192-9C2C-EE6F2DA6E205</attributeRef>
</usedAttributes>
</identifier>
</identifiers>
</Entity>