<?xml version = '1.0' encoding = 'UTF-8'?>
<Entity class="oracle.dbtools.crest.model.design.logical.Entity" directorySegmentName="seg_0" id="F2A236DA-6005-2D2B-AC69-3D4040F4C9A2" name="nutriente">
<createdBy>Lucas</createdBy>
<createdTime>2025-04-16 19:18:40 UTC</createdTime>
<ownerDesignName>exportacao_farm_tech</ownerDesignName>
<engineerTo>
<item key="C8905BFD-6846-F80D-AB16-CFC17DFE0C62" value="true"/>
</engineerTo>
<adequatelyNormalized>NO</adequatelyNormalized>
<expectedVolumes>0</expectedVolumes>
<fwdEngineeringStrategyName>Single Table</fwdEngineeringStrategyName>
<growthPercent>0</growthPercent>
<growthType>Year</growthType>
<maxVolumes>9999999</maxVolumes>
<minVolumes>0</minVolumes>
<normalForm>Third</normalForm>
<attributes itemClass="oracle.dbtools.crest.model.design.logical.Attribute">
<Attribute name="id_nutriente" id="8AE48F05-0A3D-377F-9B3B-6B310ADD2EBB">
<createdBy>Lucas</createdBy>
<createdTime>2025-04-16 19:18:53 UTC</createdTime>
<ownerDesignName>exportacao_farm_tech</ownerDesignName>
<engineerTo>
<item key="C8905BFD-6846-F80D-AB16-CFC17DFE0C62" value="true"/>
</engineerTo>
<useDomainConstraints>false</useDomainConstraints>
<use>1</use>
<logicalDatatype>LOGDT011</logicalDatatype>
<ownDataTypeParameters>,,</ownDataTypeParameters>
</Attribute>
<Attribute name="nome" id="07702313-82DF-40F5-CAB7-BD64F6E74573">
<createdBy>Lucas</createdBy>
<createdTime>2025-04-16 19:19:12 UTC</createdTime>
<ownerDesignName>exportacao_farm_tech</ownerDesignName>
<engineerTo>
<item key="C8905BFD-6846-F80D-AB16-CFC17DFE0C62" value="true"/>
</engineerTo>
<useDomainConstraints>false</useDomainConstraints>
<use>1</use>
<logicalDatatype>LOGDT024</logicalDatatype>
<dataTypeSize>255</dataTypeSize>
<ownDataTypeParameters>255,,</ownDataTypeParameters>
</Attribute>
<Attribute name="observacao" id="7C1A0178-71D3-AB84-8720-58653147197F">
<createdBy>Lucas</createdBy>
<createdTime>2025-04-16 19:19:28 UTC</createdTime>
<ownerDesignName>exportacao_farm_tech</ownerDesignName>
<engineerTo>
<item key="C8905BFD-6846-F80D-AB16-CFC17DFE0C62" value="true"/>
</engineerTo>
<nullsAllowed>true</nullsAllowed>
<useDomainConstraints>false</useDomainConstraints>
<use>1</use>
<logicalDatatype>LOGDT040</logicalDatatype>
<ownDataTypeParameters>,,</ownDataTypeParameters>
</Attribute>
</attributes>
<identifiers itemClass="oracle.dbtools.crest.model.design.logical.CandidateKey">
<identifier id="9135AE32-913D-0CDD-9CFB-522869F24000" name="nutriente PK">
<createdBy>Lucas</createdBy>
<createdTime>2025-04-16 19:19:09 UTC</createdTime>
<ownerDesignName>exportacao_farm_tech</ownerDesignName>
<engineerTo>
<item key="C8905BFD-6846-F80D-AB16-CFC17DFE0C62" value="true"/>
</engineerTo>
<pk>true</pk>
<usedAttributes>
<attributeRef>8AE48F05-0A3D-377F-9B3B-6B310ADD2EBB</attributeRef>
</usedAttributes>
</identifier>
</identifiers>
</Entity>