<?xml version = '1.0' encoding = 'UTF-8'?>
<Entity class="oracle.dbtools.crest.model.design.logical.Entity" directorySegmentName="seg_0" id="F3596754-CDDE-83F7-C9D8-6D6EEBE446EF" name="plantio">
<createdBy>tomat</createdBy>
<createdTime>2025-04-16 17:23:09 UTC</createdTime>
<generatorID>6DDCBD17-89B1-BAAE-48FE-4D7BDA4D9FE5</generatorID>
<ownerDesignName>FarmTech</ownerDesignName>
<engineerTo>
<item key="C8905BFD-6846-F80D-AB16-CFC17DFE0C62" value="true"/>
</engineerTo>
<adequatelyNormalized>NO</adequatelyNormalized>
<expectedVolumes>0</expectedVolumes>
<fwdEngineeringStrategyName>Single Table</fwdEngineeringStrategyName>
<growthPercent>0</growthPercent>
<growthType>Year</growthType>
<maxVolumes>9999999</maxVolumes>
<minVolumes>0</minVolumes>
<normalForm>Third</normalForm>
<attributes itemClass="oracle.dbtools.crest.model.design.logical.Attribute">
<Attribute name="id_plantio" id="DF250260-CA4C-0F21-7EC0-0F60D81248F7">
<createdBy>tomat</createdBy>
<createdTime>2025-04-16 17:23:09 UTC</createdTime>
<commentInRDBMS><![CDATA[Associa um cultura a um campo por um periodo]]></commentInRDBMS>
<generatorID>6E17A6CD-269B-59B1-2047-665E03E38C31</generatorID>
<ownerDesignName>FarmTech</ownerDesignName>
<engineerTo>
<item key="C8905BFD-6846-F80D-AB16-CFC17DFE0C62" value="true"/>
</engineerTo>
<useDomainConstraints>false</useDomainConstraints>
<use>1</use>
<logicalDatatype>LOGDT011</logicalDatatype>
<ownDataTypeParameters>,,</ownDataTypeParameters>
</Attribute>
<Attribute name="campo_id_campo" id="517DC6F2-7856-E076-322A-EAE223B3D3CA">
<createdBy>tomat</createdBy>
<createdTime>2025-04-16 17:23:09 UTC</createdTime>
<generatorID>E2E64E78-98A2-97D7-6A06-FC9A1AA37786</generatorID>
<ownerDesignName>FarmTech</ownerDesignName>
<engineerTo>
<item key="C8905BFD-6846-F80D-AB16-CFC17DFE0C62" value="true"/>
</engineerTo>
<referedAttribute>E12ED6CE-E6A1-201F-8775-D1404EF53C45</referedAttribute>
<useDomainConstraints>false</useDomainConstraints>
<use>1</use>
<logicalDatatype>LOGDT011</logicalDatatype>
<ownDataTypeParameters>,,</ownDataTypeParameters>
</Attribute>
<Attribute name="id_cultura" id="07E062C4-051F-F091-588B-51E325AB552B">
<createdBy>tomat</createdBy>
<createdTime>2025-04-16 17:23:09 UTC</createdTime>
<generatorID>B5909CDA-93AE-2775-0C8C-4BA6C14F7807</generatorID>
<ownerDesignName>FarmTech</ownerDesignName>
<engineerTo>
<item key="C8905BFD-6846-F80D-AB16-CFC17DFE0C62" value="true"/>
</engineerTo>
<referedAttribute>3C7ACCB3-C2E6-40C0-F145-DE3CE9D7E587</referedAttribute>
<useDomainConstraints>false</useDomainConstraints>
<use>1</use>
<logicalDatatype>LOGDT011</logicalDatatype>
<ownDataTypeParameters>,,</ownDataTypeParameters>
</Attribute>
<Attribute name="data_inicio" id="01945947-3FE9-7FBF-858A-1F0847790CFF">
<createdBy>tomat</createdBy>
<createdTime>2025-04-16 17:23:09 UTC</createdTime>
<generatorID>ABE720DC-8292-427B-95CA-7EAD986F6905</generatorID>
<ownerDesignName>FarmTech</ownerDesignName>
<engineerTo>
<item key="C8905BFD-6846-F80D-AB16-CFC17DFE0C62" value="true"/>
</engineerTo>
<useDomainConstraints>false</useDomainConstraints>
<use>1</use>
<logicalDatatype>LOGDT047</logicalDatatype>
<dataTypePrecision>6</dataTypePrecision>
<ownDataTypeParameters>,6,</ownDataTypeParameters>
</Attribute>
<Attribute name="data_fim" id="9056F52E-966D-9E70-34E6-8A2CAC48DB57">
<createdBy>tomat</createdBy>
<createdTime>2025-04-16 17:23:09 UTC</createdTime>
<generatorID>846F1000-3E62-375C-25B9-7504DDEDCDF2</generatorID>
<ownerDesignName>FarmTech</ownerDesignName>
<engineerTo>
<item key="C8905BFD-6846-F80D-AB16-CFC17DFE0C62" value="true"/>
</engineerTo>
<nullsAllowed>true</nullsAllowed>
<useDomainConstraints>false</useDomainConstraints>
<use>1</use>
<logicalDatatype>LOGDT047</logicalDatatype>
<dataTypePrecision>6</dataTypePrecision>
<ownDataTypeParameters>,6,</ownDataTypeParameters>
</Attribute>
<Attribute name="observacoes" id="EAECC49F-AFDB-5390-3317-3FD0539479B3">
<createdBy>Lucas</createdBy>
<createdTime>2025-04-16 19:12:06 UTC</createdTime>
<ownerDesignName>exportacao_farm_tech</ownerDesignName>
<engineerTo>
<item key="C8905BFD-6846-F80D-AB16-CFC17DFE0C62" value="true"/>
</engineerTo>
<nullsAllowed>true</nullsAllowed>
<useDomainConstraints>false</useDomainConstraints>
<use>1</use>
<logicalDatatype>LOGDT040</logicalDatatype>
<ownDataTypeParameters>,,</ownDataTypeParameters>
</Attribute>
</attributes>
<identifiers itemClass="oracle.dbtools.crest.model.design.logical.CandidateKey">
<identifier id="7B78C4CB-F245-2071-BE72-71A43802DAB7" name="plantio_PK">
<createdBy>tomat</createdBy>
<createdTime>2025-04-16 17:23:09 UTC</createdTime>
<generatorID>82274B89-1FC4-1630-11A6-3783335A79BE</generatorID>
<ownerDesignName>FarmTech</ownerDesignName>
<shouldEngineer>false</shouldEngineer>
<engineerTo>
<item key="C8905BFD-6846-F80D-AB16-CFC17DFE0C62" value="false"/>
</engineerTo>
<pk>true</pk>
<usedAttributes>
<attributeRef>DF250260-CA4C-0F21-7EC0-0F60D81248F7</attributeRef>
</usedAttributes>
</identifier>
</identifiers>
</Entity>