<?xml version = '1.0' encoding = 'UTF-8'?>
<Diagram class="oracle.dbtools.crest.swingui.logical.DPVLogical" name="Logical" id="70C1701F-A6A2-0C5E-D518-FB5D0F9314C0">
<createdBy>tomat</createdBy>
<modifiedBy>tomat</modifiedBy>
<createdTime>2025-04-16 17:20:43 UTC</createdTime>
<autoRoute>false</autoRoute>
<boxInbox>true</boxInbox>
<showLegend>false</showLegend>
<showLabels>false</showLabels>
<showRelAttributes>false</showRelAttributes>
<gridEnabled>false</gridEnabled>
<showGrid>false</showGrid>
<diagramColor>-1</diagramColor>
<display>false</display>
<notation>2</notation>
<objectViews>
<OView class="oracle.dbtools.crest.swingui.logical.TVEntity" oid="02B4B38F-C71C-3F2C-8C25-8E790056B90F" otype="Entity" vid="41117148-97D3-EFBA-5702-CCCDE8F23379">
<hideElementsInCurrentOnly>false</hideElementsInCurrentOnly>
<bounds x="1201" y="132" width="196" height="74"/>
</OView>
<OView class="oracle.dbtools.crest.swingui.logical.TVEntity" oid="46D42696-5842-406F-3919-508EB664FE5A" otype="Entity" vid="C07DABAE-A8C5-3BF7-8EF9-2B560455D515">
<hideElementsInCurrentOnly>false</hideElementsInCurrentOnly>
<bounds x="410" y="115" width="262" height="130"/>
</OView>
<OView class="oracle.dbtools.crest.swingui.logical.TVEntity" oid="4EA696D2-E784-29B8-5B08-F95CD78F0D43" otype="Entity" vid="12FB9450-C66F-B187-6BFB-3038AC0EDDC6">
<hideElementsInCurrentOnly>false</hideElementsInCurrentOnly>
<bounds x="109" y="308" width="220" height="88"/>
</OView>
<OView class="oracle.dbtools.crest.swingui.logical.TVEntity" oid="53B0522F-EC4E-9243-E9DB-79E34989DFFD" otype="Entity" vid="B494EEFE-C936-4495-D487-048EB83E337D">
<hideElementsInCurrentOnly>false</hideElementsInCurrentOnly>
<bounds x="121" y="127" width="216" height="74"/>
</OView>
<OView class="oracle.dbtools.crest.swingui.logical.TVEntity" oid="6B8DC6D8-CBD1-C2BA-0E6D-F241865C5D01" otype="Entity" vid="1CA92BE6-A4CE-9A78-5DB7-2B7970785CE6">
<hideElementsInCurrentOnly>false</hideElementsInCurrentOnly>
<bounds x="395" y="309" width="240" height="130"/>
</OView>
<OView class="oracle.dbtools.crest.swingui.logical.TVEntity" oid="86DFB87F-810B-B5B9-4783-6F765BD59D15" otype="Entity" vid="5C279E38-DF83-49C6-D758-3AAD804F2859">
<hideElementsInCurrentOnly>false</hideElementsInCurrentOnly>
<bounds x="118" y="451" width="196" height="74"/>
</OView>
<OView class="oracle.dbtools.crest.swingui.logical.TVEntity" oid="A0A26CA5-E955-A6C7-3581-7F92ED6AFA17" otype="Entity" vid="BC254653-6C3B-91B7-5F36-D5C9F418DBFB">
<hideElementsInCurrentOnly>false</hideElementsInCurrentOnly>
<bounds x="739" y="118" width="360" height="130"/>
</OView>
<OView class="oracle.dbtools.crest.swingui.logical.TVEntity" oid="C700F290-F6BC-8B65-A449-4475AAE9A9CA" otype="Entity" vid="334216D0-CB7C-0E3F-D976-9C5CCF847453">
<hideElementsInCurrentOnly>false</hideElementsInCurrentOnly>
<bounds x="1091" y="359" width="357" height="144"/>
</OView>
<OView class="oracle.dbtools.crest.swingui.logical.TVEntity" oid="DD08317C-598E-1BB5-FBBD-31FC023FC58D" otype="Entity" vid="29A341F3-1574-1CAD-E74B-731597137365">
<hideElementsInCurrentOnly>false</hideElementsInCurrentOnly>
<bounds x="986" y="580" width="378" height="144"/>
</OView>
<OView class="oracle.dbtools.crest.swingui.logical.TVEntity" oid="F2A236DA-6005-2D2B-AC69-3D4040F4C9A2" otype="Entity" vid="83FD0297-2522-ED2A-BF65-588443828248">
<hideElementsInCurrentOnly>false</hideElementsInCurrentOnly>
<bounds x="640" y="588" width="205" height="88"/>
</OView>
<OView class="oracle.dbtools.crest.swingui.logical.TVEntity" oid="F3596754-CDDE-83F7-C9D8-6D6EEBE446EF" otype="Entity" vid="1A44FEBA-1599-DECB-B175-8CC3519A5F5D">
<hideElementsInCurrentOnly>false</hideElementsInCurrentOnly>
<bounds x="686" y="346" width="363" height="130"/>
</OView>
</objectViews>
<connectors>
<Connector class="oracle.dbtools.crest.swingui.logical.TVRelation" oid="00D62E1F-FC8F-19F0-FDA2-F6F6D36A051B" otype="Relation" vid_source="1A44FEBA-1599-DECB-B175-8CC3519A5F5D" vid_target="334216D0-CB7C-0E3F-D976-9C5CCF847453">
<hideElementsInCurrentOnly>false</hideElementsInCurrentOnly>
<backgroundColor>-16777216</backgroundColor>
<lineWidth>1</lineWidth>
<points>
<point x="1049" y="417"/>
<point x="1091" y="417"/>
</points>
</Connector>
<Connector class="oracle.dbtools.crest.swingui.logical.TVRelation" oid="180D35A2-9173-7D07-F1D4-949EDE63AB68" otype="Relation" vid_source="1A44FEBA-1599-DECB-B175-8CC3519A5F5D" vid_target="29A341F3-1574-1CAD-E74B-731597137365">
<hideElementsInCurrentOnly>false</hideElementsInCurrentOnly>
<backgroundColor>-16777216</backgroundColor>
<lineWidth>1</lineWidth>
<points>
<point x="1017" y="476"/>
<point x="1017" y="580"/>
</points>
</Connector>
<Connector class="oracle.dbtools.crest.swingui.logical.TVRelation" oid="1D4EF359-80FB-CC61-8A3D-467FE82A7251" otype="Relation" vid_source="41117148-97D3-EFBA-5702-CCCDE8F23379" vid_target="29A341F3-1574-1CAD-E74B-731597137365">
<hideElementsInCurrentOnly>false</hideElementsInCurrentOnly>
<backgroundColor>-16777216</backgroundColor>
<lineWidth>1</lineWidth>
<points>
<point x="1282" y="206"/>
<point x="1282" y="580"/>
</points>
</Connector>
<Connector class="oracle.dbtools.crest.swingui.logical.TVRelation" oid="2B3A79CF-9FA6-2CFB-9C3E-432F40B4D4BA" otype="Relation" vid_source="41117148-97D3-EFBA-5702-CCCDE8F23379" vid_target="334216D0-CB7C-0E3F-D976-9C5CCF847453">
<hideElementsInCurrentOnly>false</hideElementsInCurrentOnly>
<backgroundColor>-16777216</backgroundColor>
<lineWidth>1</lineWidth>
<points>
<point x="1299" y="206"/>
<point x="1299" y="359"/>
</points>
</Connector>
<Connector class="oracle.dbtools.crest.swingui.logical.TVRelation" oid="686CF893-FCC0-0EFB-1676-8F269519FB4E" otype="Relation" vid_source="41117148-97D3-EFBA-5702-CCCDE8F23379" vid_target="BC254653-6C3B-91B7-5F36-D5C9F418DBFB">
<hideElementsInCurrentOnly>false</hideElementsInCurrentOnly>
<backgroundColor>-16777216</backgroundColor>
<lineWidth>1</lineWidth>
<points>
<point x="1201" y="154"/>
<point x="1099" y="154"/>
</points>
</Connector>
<Connector class="oracle.dbtools.crest.swingui.logical.TVRelation" oid="82219143-6825-BB57-6A8F-48F9BA749AF4" otype="Relation" vid_source="C07DABAE-A8C5-3BF7-8EF9-2B560455D515" vid_target="BC254653-6C3B-91B7-5F36-D5C9F418DBFB">
<hideElementsInCurrentOnly>false</hideElementsInCurrentOnly>
<backgroundColor>-16777216</backgroundColor>
<lineWidth>1</lineWidth>
<points>
<point x="672" y="181"/>
<point x="739" y="181"/>
</points>
</Connector>
<Connector class="oracle.dbtools.crest.swingui.logical.TVRelation" oid="AD1801E4-29EA-0A0F-F928-AEF48448A093" otype="Relation" vid_source="12FB9450-C66F-B187-6BFB-3038AC0EDDC6" vid_target="1CA92BE6-A4CE-9A78-5DB7-2B7970785CE6">
<hideElementsInCurrentOnly>false</hideElementsInCurrentOnly>
<backgroundColor>-16777216</backgroundColor>
<lineWidth>1</lineWidth>
<points>
<point x="329" y="352"/>
<point x="395" y="352"/>
</points>
</Connector>
<Connector class="oracle.dbtools.crest.swingui.logical.TVRelation" oid="B5909CDA-93AE-2775-0C8C-4BA6C14F7807" otype="Relation" vid_source="5C279E38-DF83-49C6-D758-3AAD804F2859" vid_target="1A44FEBA-1599-DECB-B175-8CC3519A5F5D">
<hideElementsInCurrentOnly>false</hideElementsInCurrentOnly>
<backgroundColor>-16777216</backgroundColor>
<lineWidth>1</lineWidth>
<points>
<point x="314" y="463"/>
<point x="686" y="463"/>
</points>
</Connector>
<Connector class="oracle.dbtools.crest.swingui.logical.TVRelation" oid="E2E64E78-98A2-97D7-6A06-FC9A1AA37786" otype="Relation" vid_source="1CA92BE6-A4CE-9A78-5DB7-2B7970785CE6" vid_target="1A44FEBA-1599-DECB-B175-8CC3519A5F5D">
<hideElementsInCurrentOnly>false</hideElementsInCurrentOnly>
<backgroundColor>-16777216</backgroundColor>
<lineWidth>1</lineWidth>
<points>
<point x="635" y="392"/>
<point x="686" y="392"/>
</points>
</Connector>
<Connector class="oracle.dbtools.crest.swingui.logical.TVRelation" oid="E458553F-1FE6-D67B-6B93-0EF69FA644F8" otype="Relation" vid_source="1A44FEBA-1599-DECB-B175-8CC3519A5F5D" vid_target="BC254653-6C3B-91B7-5F36-D5C9F418DBFB">
<hideElementsInCurrentOnly>false</hideElementsInCurrentOnly>
<backgroundColor>-16777216</backgroundColor>
<lineWidth>1</lineWidth>
<points>
<point x="894" y="346"/>
<point x="894" y="248"/>
</points>
</Connector>
<Connector class="oracle.dbtools.crest.swingui.logical.TVRelation" oid="F7089D26-CBB2-F685-DACC-47AA9B2A2A0D" otype="Relation" vid_source="83FD0297-2522-ED2A-BF65-588443828248" vid_target="29A341F3-1574-1CAD-E74B-731597137365">
<hideElementsInCurrentOnly>false</hideElementsInCurrentOnly>
<backgroundColor>-16777216</backgroundColor>
<lineWidth>1</lineWidth>
<points>
<point x="845" y="632"/>
<point x="986" y="632"/>
</points>
</Connector>
<Connector class="oracle.dbtools.crest.swingui.logical.TVRelation" oid="F8A2E96F-12DE-57CE-5B15-53C3A4E6C139" otype="Relation" vid_source="B494EEFE-C936-4495-D487-048EB83E337D" vid_target="C07DABAE-A8C5-3BF7-8EF9-2B560455D515">
<hideElementsInCurrentOnly>false</hideElementsInCurrentOnly>
<backgroundColor>-16777216</backgroundColor>
<lineWidth>1</lineWidth>
<points>
<point x="337" y="149"/>
<point x="410" y="149"/>
</points>
</Connector>
</connectors>
</Diagram>