<?xml version = '1.0' encoding = 'UTF-8'?>
<Table class="oracle.dbtools.crest.model.design.relational.Table" directorySegmentName="seg_0" id="171E6F15-185B-ED60-7205-D0ADC1A0A55B" name="campo">
<createdBy>Lucas</createdBy>
<createdTime>2025-04-16 19:45:20 UTC</createdTime>
<generatorID>6B8DC6D8-CBD1-C2BA-0E6D-F241865C5D01</generatorID>
<ownerDesignName>exportacao_farm_tech</ownerDesignName>
<allowColumnReorder>false</allowColumnReorder>
<existDependencyGenerateInDDl>true</existDependencyGenerateInDDl>
<parsed>true</parsed>
<columns itemClass="oracle.dbtools.crest.model.design.relational.Column">
<Column name="id_campo" id="70953B60-3749-CD3E-074A-6102377BDA38">
<createdBy>Lucas</createdBy>
<createdTime>2025-04-16 19:45:20 UTC</createdTime>
<generatorID>E12ED6CE-E6A1-201F-8775-D1404EF53C45</generatorID>
<ownerDesignName>exportacao_farm_tech</ownerDesignName>
<useDomainConstraints>false</useDomainConstraints>
<use>1</use>
<logicalDatatype>LOGDT011</logicalDatatype>
<ownDataTypeParameters>,,</ownDataTypeParameters>
<autoIncrementCycle>false</autoIncrementCycle>
</Column>
<Column name="propriedade_id_propriedade" id="4A0DFC75-8368-C9D8-EAD8-487C98AB990C">
<createdBy>Lucas</createdBy>
<createdTime>2025-04-16 19:45:20 UTC</createdTime>
<generatorID>03A63620-10B5-B60A-A954-F9FFDB42A76B</generatorID>
<ownerDesignName>exportacao_farm_tech</ownerDesignName>
<useDomainConstraints>false</useDomainConstraints>
<use>1</use>
<logicalDatatype>LOGDT011</logicalDatatype>
<ownDataTypeParameters>,,</ownDataTypeParameters>
<previousColumn>false</previousColumn>
<autoIncrementCycle>false</autoIncrementCycle>
<associations>
<colAssociation fkAssociation="AB39D373-4BDB-698D-7280-4871E03F7E4A" referredColumn="FF849384-DC80-EAB1-1B77-0208982C46A6"/>
</associations>
</Column>
<Column name="identificador" id="278FE9B8-027A-A9DD-BBC9-A93106FD6CD2">
<createdBy>Lucas</createdBy>
<createdTime>2025-04-16 19:45:20 UTC</createdTime>
<commentInRDBMS><![CDATA[Nome do lote, ex: lota A1 ou Campo norte]]></commentInRDBMS>
<generatorID>E9A34BB9-B7BC-9FEC-59F7-C4939DB1349D</generatorID>
<ownerDesignName>exportacao_farm_tech</ownerDesignName>
<useDomainConstraints>false</useDomainConstraints>
<use>1</use>
<logicalDatatype>LOGDT024</logicalDatatype>
<dataTypeSize>100</dataTypeSize>
<ownDataTypeParameters>100,,</ownDataTypeParameters>
<autoIncrementCycle>false</autoIncrementCycle>
</Column>
<Column name="area_hectares" id="7CEF3C88-10F4-8F75-C219-124E6233344F">
<createdBy>Lucas</createdBy>
<createdTime>2025-04-16 19:45:20 UTC</createdTime>
<commentInRDBMS><![CDATA[tamanho da area]]></commentInRDBMS>
<generatorID>C99638D4-AF98-0E5E-AF72-6B3F05B70B38</generatorID>
<ownerDesignName>exportacao_farm_tech</ownerDesignName>
<nullsAllowed>true</nullsAllowed>
<useDomainConstraints>false</useDomainConstraints>
<use>1</use>
<logicalDatatype>LOGDT019</logicalDatatype>
<ownDataTypeParameters>,,</ownDataTypeParameters>
<autoIncrementCycle>false</autoIncrementCycle>
</Column>
<Column name="localizacao_geo" id="36288538-F4FB-DCC5-B3E9-AE68E0881634">
<createdBy>Lucas</createdBy>
<createdTime>2025-04-16 19:45:20 UTC</createdTime>
<commentInRDBMS><![CDATA[por exemplo coordenada]]></commentInRDBMS>
<generatorID>D982491C-F6C3-1C5F-A526-26B7A6E32B99</generatorID>
<ownerDesignName>exportacao_farm_tech</ownerDesignName>
<nullsAllowed>true</nullsAllowed>
<useDomainConstraints>false</useDomainConstraints>
<use>3</use>
<structuredType>47E390DE-0671-C4B1-8428-0F45CBEE18F8</structuredType>
<ownDataTypeParameters>,,</ownDataTypeParameters>
<autoIncrementCycle>false</autoIncrementCycle>
</Column>
</columns>
<indexes itemClass="oracle.dbtools.crest.model.design.relational.Index">
<ind_PK_UK id="9490F112-813C-DF75-0E5D-AFF762C2FB8F" name="campo_PK">
<createdBy>Lucas</createdBy>
<createdTime>2025-04-16 19:45:20 UTC</createdTime>
<generatorID>91FE3930-592C-5F10-22D2-61E0BDFAD0B1</generatorID>
<ownerDesignName>exportacao_farm_tech</ownerDesignName>
<pk>true</pk>
<indexState>Primary Constraint</indexState>
<isSurrogateKey>false</isSurrogateKey>
<indexColumnUsage>
<colUsage columnID="70953B60-3749-CD3E-074A-6102377BDA38"/>
</indexColumnUsage>
</ind_PK_UK>
<ind_PK_UK id="22EB05A2-87B3-E6E3-E228-08B34AAA7AA7" name="campo_identificador_UN">
<createdBy>Lucas</createdBy>
<createdTime>2025-04-16 19:45:20 UTC</createdTime>
<generatorID>CD7543B9-2847-7758-FEAF-0D8F770D6778</generatorID>
<ownerDesignName>exportacao_farm_tech</ownerDesignName>
<indexState>Unique Constraint</indexState>
<isSurrogateKey>false</isSurrogateKey>
<indexColumnUsage>
<colUsage columnID="278FE9B8-027A-A9DD-BBC9-A93106FD6CD2"/>
</indexColumnUsage>
</ind_PK_UK>
<ind_PK_UK id="05D034E6-6092-17FD-ECCC-7164C564E981" name="campo_propriedade_FK">
<createdBy>Lucas</createdBy>
<createdTime>2025-04-16 19:45:20 UTC</createdTime>
<generatorID>AD1801E4-29EA-0A0F-F928-AEF48448A093</generatorID>
<ownerDesignName>exportacao_farm_tech</ownerDesignName>
<indexState>Foreign Key</indexState>
<isSurrogateKey>false</isSurrogateKey>
<indexColumnUsage>
<colUsage columnID="4A0DFC75-8368-C9D8-EAD8-487C98AB990C"/>
</indexColumnUsage>
</ind_PK_UK>
</indexes>
</Table>