<?xml version = '1.0' encoding = 'UTF-8'?>
<Table class="oracle.dbtools.crest.model.design.relational.Table" directorySegmentName="seg_0" id="322D4A1D-EC83-10C1-81D1-FE298804EE1F" name="plantio">
<createdBy>Lucas</createdBy>
<createdTime>2025-04-16 19:45:20 UTC</createdTime>
<generatorID>F3596754-CDDE-83F7-C9D8-6D6EEBE446EF</generatorID>
<ownerDesignName>exportacao_farm_tech</ownerDesignName>
<allowColumnReorder>false</allowColumnReorder>
<existDependencyGenerateInDDl>true</existDependencyGenerateInDDl>
<parsed>true</parsed>
<columns itemClass="oracle.dbtools.crest.model.design.relational.Column">
<Column name="id_plantio" id="1460459C-97FE-B3C0-B4D3-4783CD98E6B3">
<createdBy>Lucas</createdBy>
<createdTime>2025-04-16 19:45:20 UTC</createdTime>
<commentInRDBMS><![CDATA[Associa um cultura a um campo por um periodo]]></commentInRDBMS>
<generatorID>DF250260-CA4C-0F21-7EC0-0F60D81248F7</generatorID>
<ownerDesignName>exportacao_farm_tech</ownerDesignName>
<useDomainConstraints>false</useDomainConstraints>
<use>1</use>
<logicalDatatype>LOGDT011</logicalDatatype>
<ownDataTypeParameters>,,</ownDataTypeParameters>
<autoIncrementCycle>false</autoIncrementCycle>
</Column>
<Column name="campo_id_campo" id="1314943E-FEA9-92C9-3C54-AE38A593A3ED">
<createdBy>Lucas</createdBy>
<createdTime>2025-04-16 19:45:20 UTC</createdTime>
<generatorID>517DC6F2-7856-E076-322A-EAE223B3D3CA</generatorID>
<ownerDesignName>exportacao_farm_tech</ownerDesignName>
<useDomainConstraints>false</useDomainConstraints>
<use>1</use>
<logicalDatatype>LOGDT011</logicalDatatype>
<ownDataTypeParameters>,,</ownDataTypeParameters>
<previousColumn>false</previousColumn>
<autoIncrementCycle>false</autoIncrementCycle>
<associations>
<colAssociation fkAssociation="0EE6274D-703C-B0E4-077A-9AC6245838A8" referredColumn="70953B60-3749-CD3E-074A-6102377BDA38"/>
</associations>
</Column>
<Column name="cultura_id_cultura" id="A3997F86-B604-9D1E-C8F5-486983A68656">
<createdBy>Lucas</createdBy>
<createdTime>2025-04-16 19:45:20 UTC</createdTime>
<generatorID>07E062C4-051F-F091-588B-51E325AB552B</generatorID>
<ownerDesignName>exportacao_farm_tech</ownerDesignName>
<useDomainConstraints>false</useDomainConstraints>
<use>1</use>
<logicalDatatype>LOGDT011</logicalDatatype>
<ownDataTypeParameters>,,</ownDataTypeParameters>
<previousColumn>false</previousColumn>
<autoIncrementCycle>false</autoIncrementCycle>
<associations>
<colAssociation fkAssociation="480F3A59-4FD4-9E7C-6D40-174DEAFA2C26" referredColumn="FEDC9B3A-0460-6417-1720-54AF40494EFD"/>
</associations>
</Column>
<Column name="data_inicio" id="19B395A7-D916-885E-05D9-9FBFB2955AA4">
<createdBy>Lucas</createdBy>
<createdTime>2025-04-16 19:45:20 UTC</createdTime>
<generatorID>01945947-3FE9-7FBF-858A-1F0847790CFF</generatorID>
<ownerDesignName>exportacao_farm_tech</ownerDesignName>
<useDomainConstraints>false</useDomainConstraints>
<use>1</use>
<logicalDatatype>LOGDT047</logicalDatatype>
<dataTypePrecision>6</dataTypePrecision>
<ownDataTypeParameters>,6,</ownDataTypeParameters>
<autoIncrementCycle>false</autoIncrementCycle>
</Column>
<Column name="data_fim" id="032EBEE1-D8C6-39E8-9C2F-2BBE8E12BC1B">
<createdBy>Lucas</createdBy>
<createdTime>2025-04-16 19:45:20 UTC</createdTime>
<generatorID>9056F52E-966D-9E70-34E6-8A2CAC48DB57</generatorID>
<ownerDesignName>exportacao_farm_tech</ownerDesignName>
<nullsAllowed>true</nullsAllowed>
<useDomainConstraints>false</useDomainConstraints>
<use>1</use>
<logicalDatatype>LOGDT047</logicalDatatype>
<dataTypePrecision>6</dataTypePrecision>
<ownDataTypeParameters>,6,</ownDataTypeParameters>
<autoIncrementCycle>false</autoIncrementCycle>
</Column>
<Column name="observacoes" id="4CF4F814-846C-C576-A24A-2A21B392CF34">
<createdBy>Lucas</createdBy>
<createdTime>2025-04-16 19:45:20 UTC</createdTime>
<generatorID>EAECC49F-AFDB-5390-3317-3FD0539479B3</generatorID>
<ownerDesignName>exportacao_farm_tech</ownerDesignName>
<nullsAllowed>true</nullsAllowed>
<useDomainConstraints>false</useDomainConstraints>
<use>1</use>
<logicalDatatype>LOGDT040</logicalDatatype>
<ownDataTypeParameters>,,</ownDataTypeParameters>
<autoIncrementCycle>false</autoIncrementCycle>
</Column>
</columns>
<indexes itemClass="oracle.dbtools.crest.model.design.relational.Index">
<ind_PK_UK id="BFD1F4CA-AF7E-87A6-F91F-93F1D3C579FC" name="plantio_PK">
<createdBy>Lucas</createdBy>
<createdTime>2025-04-16 19:45:20 UTC</createdTime>
<generatorID>7B78C4CB-F245-2071-BE72-71A43802DAB7</generatorID>
<ownerDesignName>exportacao_farm_tech</ownerDesignName>
<pk>true</pk>
<indexState>Primary Constraint</indexState>
<isSurrogateKey>false</isSurrogateKey>
<indexColumnUsage>
<colUsage columnID="1460459C-97FE-B3C0-B4D3-4783CD98E6B3"/>
</indexColumnUsage>
</ind_PK_UK>
<ind_PK_UK id="8FF45739-D0BB-4E14-B668-97F077C426A7" name="plantio_campo_FK">
<createdBy>Lucas</createdBy>
<createdTime>2025-04-16 19:45:20 UTC</createdTime>
<generatorID>E2E64E78-98A2-97D7-6A06-FC9A1AA37786</generatorID>
<ownerDesignName>exportacao_farm_tech</ownerDesignName>
<indexState>Foreign Key</indexState>
<isSurrogateKey>false</isSurrogateKey>
<indexColumnUsage>
<colUsage columnID="1314943E-FEA9-92C9-3C54-AE38A593A3ED"/>
</indexColumnUsage>
</ind_PK_UK>
<ind_PK_UK id="16502DCE-9465-339F-A9D5-C61575C0DCC5" name="plantio_cultura_FK">
<createdBy>Lucas</createdBy>
<createdTime>2025-04-16 19:45:20 UTC</createdTime>
<generatorID>B5909CDA-93AE-2775-0C8C-4BA6C14F7807</generatorID>
<ownerDesignName>exportacao_farm_tech</ownerDesignName>
<indexState>Foreign Key</indexState>
<isSurrogateKey>false</isSurrogateKey>
<indexColumnUsage>
<colUsage columnID="A3997F86-B604-9D1E-C8F5-486983A68656"/>
</indexColumnUsage>
</ind_PK_UK>
</indexes>
</Table>