<?xml version = '1.0' encoding = 'UTF-8'?>
<Table class="oracle.dbtools.crest.model.design.relational.Table" directorySegmentName="seg_0" id="565ECCA9-774A-FAC7-B039-9C2BD515B213" name="sensor">
<createdBy>Lucas</createdBy>
<createdTime>2025-04-16 19:45:20 UTC</createdTime>
<generatorID>46D42696-5842-406F-3919-508EB664FE5A</generatorID>
<ownerDesignName>exportacao_farm_tech</ownerDesignName>
<allowColumnReorder>false</allowColumnReorder>
<existDependencyGenerateInDDl>true</existDependencyGenerateInDDl>
<parsed>true</parsed>
<columns itemClass="oracle.dbtools.crest.model.design.relational.Column">
<Column name="id_sensor" id="3819ECFA-4004-F175-CA1D-6B6C0B2135FC">
<createdBy>Lucas</createdBy>
<createdTime>2025-04-16 19:45:20 UTC</createdTime>
<generatorID>BEDB7F1C-6092-A118-E177-E7AF7430BF4E</generatorID>
<ownerDesignName>exportacao_farm_tech</ownerDesignName>
<useDomainConstraints>false</useDomainConstraints>
<use>1</use>
<logicalDatatype>LOGDT011</logicalDatatype>
<ownDataTypeParameters>,,</ownDataTypeParameters>
<autoIncrementCycle>false</autoIncrementCycle>
</Column>
<Column name="tiposensor_id_tipo_sensor" id="02CE7704-B3B1-8CD5-0263-22AC3EDECD02">
<createdBy>Lucas</createdBy>
<createdTime>2025-04-16 19:45:20 UTC</createdTime>
<generatorID>555484E8-CBB1-4AB6-DC6B-D3B7AAF5A862</generatorID>
<ownerDesignName>exportacao_farm_tech</ownerDesignName>
<useDomainConstraints>false</useDomainConstraints>
<use>1</use>
<logicalDatatype>LOGDT011</logicalDatatype>
<ownDataTypeParameters>,,</ownDataTypeParameters>
<previousColumn>false</previousColumn>
<autoIncrementCycle>false</autoIncrementCycle>
<associations>
<colAssociation fkAssociation="C7BC406C-B4D7-298E-10D3-D215CFCC98C5" referredColumn="D9AADCBB-67EE-1B60-E0A1-FB599716E277"/>
</associations>
</Column>
<Column name="codigo_indetificacao" id="971A5971-334A-63BF-7A80-9C364A6CB533">
<createdBy>Lucas</createdBy>
<createdTime>2025-04-16 19:45:20 UTC</createdTime>
<generatorID>6A91C422-826E-3839-AB2F-E2A9D812DE1F</generatorID>
<ownerDesignName>exportacao_farm_tech</ownerDesignName>
<useDomainConstraints>false</useDomainConstraints>
<use>1</use>
<logicalDatatype>LOGDT024</logicalDatatype>
<dataTypeSize>100</dataTypeSize>
<ownDataTypeParameters>100,,</ownDataTypeParameters>
<autoIncrementCycle>false</autoIncrementCycle>
</Column>
<Column name="data_instalacao" id="3B48F5EB-5F7A-D7E3-2347-293DE02DFFFD">
<createdBy>Lucas</createdBy>
<createdTime>2025-04-16 19:45:20 UTC</createdTime>
<generatorID>1206D399-85F6-846B-7B3B-032DA4A89D15</generatorID>
<ownerDesignName>exportacao_farm_tech</ownerDesignName>
<nullsAllowed>true</nullsAllowed>
<useDomainConstraints>false</useDomainConstraints>
<use>1</use>
<logicalDatatype>LOGDT047</logicalDatatype>
<dataTypePrecision>6</dataTypePrecision>
<ownDataTypeParameters>,6,</ownDataTypeParameters>
<autoIncrementCycle>false</autoIncrementCycle>
</Column>
<Column name="descricao" id="83B8B357-ABDF-13F9-4424-BA77A2CD5482">
<createdBy>Lucas</createdBy>
<createdTime>2025-04-16 19:45:20 UTC</createdTime>
<generatorID>B02FB404-4922-7FE5-8F40-DBCE4ADDD72D</generatorID>
<ownerDesignName>exportacao_farm_tech</ownerDesignName>
<nullsAllowed>true</nullsAllowed>
<useDomainConstraints>false</useDomainConstraints>
<use>1</use>
<logicalDatatype>LOGDT040</logicalDatatype>
<ownDataTypeParameters>,,</ownDataTypeParameters>
<autoIncrementCycle>false</autoIncrementCycle>
</Column>
<Column name="localizacao" id="2BCA6B0B-9811-C3C7-3156-6F72E631C79D">
<createdBy>Lucas</createdBy>
<createdTime>2025-04-16 19:45:20 UTC</createdTime>
<generatorID>09AA4F52-92AF-BCAD-5E1B-F43213E78570</generatorID>
<ownerDesignName>exportacao_farm_tech</ownerDesignName>
<nullsAllowed>true</nullsAllowed>
<useDomainConstraints>false</useDomainConstraints>
<use>3</use>
<structuredType>47E390DE-0671-C4B1-8428-0F45CBEE18F8</structuredType>
<ownDataTypeParameters>,,</ownDataTypeParameters>
<autoIncrementCycle>false</autoIncrementCycle>
</Column>
</columns>
<indexes itemClass="oracle.dbtools.crest.model.design.relational.Index">
<ind_PK_UK id="0EB5E82D-B307-0DA9-1A69-2DB080EF7C7F" name="sensor_PK">
<createdBy>Lucas</createdBy>
<createdTime>2025-04-16 19:45:20 UTC</createdTime>
<generatorID>B8D253AB-7C67-86F1-0DCB-436EC83DB142</generatorID>
<ownerDesignName>exportacao_farm_tech</ownerDesignName>
<pk>true</pk>
<indexState>Primary Constraint</indexState>
<isSurrogateKey>false</isSurrogateKey>
<indexColumnUsage>
<colUsage columnID="3819ECFA-4004-F175-CA1D-6B6C0B2135FC"/>
</indexColumnUsage>
</ind_PK_UK>
<ind_PK_UK id="B2C02400-61EA-72A9-476D-EE4E221AE800" name="sensor_tiposensor_FK">
<createdBy>Lucas</createdBy>
<createdTime>2025-04-16 19:45:20 UTC</createdTime>
<generatorID>F8A2E96F-12DE-57CE-5B15-53C3A4E6C139</generatorID>
<ownerDesignName>exportacao_farm_tech</ownerDesignName>
<indexState>Foreign Key</indexState>
<isSurrogateKey>false</isSurrogateKey>
<indexColumnUsage>
<colUsage columnID="02CE7704-B3B1-8CD5-0263-22AC3EDECD02"/>
</indexColumnUsage>
</ind_PK_UK>
</indexes>
</Table>