<?xml version = '1.0' encoding = 'UTF-8'?>
<Table class="oracle.dbtools.crest.model.design.relational.Table" directorySegmentName="seg_0" id="9AB58A95-14D7-132A-EAB8-B6F0FC9D5861" name="tiposensor">
<createdBy>Lucas</createdBy>
<createdTime>2025-04-16 19:45:20 UTC</createdTime>
<generatorID>53B0522F-EC4E-9243-E9DB-79E34989DFFD</generatorID>
<ownerDesignName>exportacao_farm_tech</ownerDesignName>
<allowColumnReorder>false</allowColumnReorder>
<existDependencyGenerateInDDl>true</existDependencyGenerateInDDl>
<parsed>true</parsed>
<columns itemClass="oracle.dbtools.crest.model.design.relational.Column">
<Column name="id_tipo_sensor" id="D9AADCBB-67EE-1B60-E0A1-FB599716E277">
<createdBy>Lucas</createdBy>
<createdTime>2025-04-16 19:45:20 UTC</createdTime>
<commentInRDBMS><![CDATA[o ID para indentificar do sensor]]></commentInRDBMS>
<generatorID>564C752A-2DD8-3DDE-7279-6EA5C6C2C543</generatorID>
<ownerDesignName>exportacao_farm_tech</ownerDesignName>
<useDomainConstraints>false</useDomainConstraints>
<use>1</use>
<logicalDatatype>LOGDT011</logicalDatatype>
<ownDataTypeParameters>,,</ownDataTypeParameters>
<autoIncrementCycle>false</autoIncrementCycle>
</Column>
<Column name="nome" id="E93A8725-8120-0FE2-C09B-E2D46F6D7BB4">
<createdBy>Lucas</createdBy>
<createdTime>2025-04-16 19:45:20 UTC</createdTime>
<commentInRDBMS><![CDATA[nome do sensor ( umidade, ph, nutriente p, nutriente K )]]></commentInRDBMS>
<generatorID>D5CDC3E3-4CA8-0139-656E-E1E0DDB69B36</generatorID>
<ownerDesignName>exportacao_farm_tech</ownerDesignName>
<useDomainConstraints>false</useDomainConstraints>
<use>1</use>
<logicalDatatype>LOGDT024</logicalDatatype>
<dataTypeSize>100</dataTypeSize>
<ownDataTypeParameters>100,,</ownDataTypeParameters>
<autoIncrementCycle>false</autoIncrementCycle>
</Column>
</columns>
<indexes itemClass="oracle.dbtools.crest.model.design.relational.Index">
<ind_PK_UK id="B074BBE8-81DF-4272-BCCB-3BF2B3CD191E" name="tiposensor_PK">
<createdBy>Lucas</createdBy>
<createdTime>2025-04-16 19:45:20 UTC</createdTime>
<generatorID>ACAC2931-5ACE-F886-F0B7-F999E0032BF2</generatorID>
<ownerDesignName>exportacao_farm_tech</ownerDesignName>
<pk>true</pk>
<indexState>Primary Constraint</indexState>
<isSurrogateKey>false</isSurrogateKey>
<indexColumnUsage>
<colUsage columnID="D9AADCBB-67EE-1B60-E0A1-FB599716E277"/>
</indexColumnUsage>
</ind_PK_UK>
</indexes>
</Table>