<?xml version = '1.0' encoding = 'UTF-8'?>
<Table class="oracle.dbtools.crest.model.design.relational.Table" directorySegmentName="seg_0" id="B33884CB-1963-1DD9-76D6-5D9EEB28E971" name="aplicacao_nutrientes">
<createdBy>Lucas</createdBy>
<createdTime>2025-04-16 19:45:20 UTC</createdTime>
<generatorID>DD08317C-598E-1BB5-FBBD-31FC023FC58D</generatorID>
<ownerDesignName>exportacao_farm_tech</ownerDesignName>
<allowColumnReorder>false</allowColumnReorder>
<existDependencyGenerateInDDl>true</existDependencyGenerateInDDl>
<parsed>true</parsed>
<columns itemClass="oracle.dbtools.crest.model.design.relational.Column">
<Column name="id_aplicacao" id="DDE780D4-7FDD-E669-2941-699C68D8A0E4">
<createdBy>Lucas</createdBy>
<createdTime>2025-04-16 19:45:20 UTC</createdTime>
<commentInRDBMS><![CDATA[identitadade de registro de uma ação como de irrigação ou aplicação de nutriente para manter os dados guardados]]></commentInRDBMS>
<generatorID>D566E0C6-BBD1-2192-9C2C-EE6F2DA6E205</generatorID>
<ownerDesignName>exportacao_farm_tech</ownerDesignName>
<useDomainConstraints>false</useDomainConstraints>
<use>1</use>
<logicalDatatype>LOGDT011</logicalDatatype>
<ownDataTypeParameters>,,</ownDataTypeParameters>
<autoIncrementCycle>false</autoIncrementCycle>
</Column>
<Column name="plantio_id_plantio" id="95FFA1EE-1962-872B-F6FD-8654C422C076">
<createdBy>Lucas</createdBy>
<createdTime>2025-04-16 19:45:20 UTC</createdTime>
<generatorID>EED1B0A4-974A-1416-4E86-DBBD46C830E8</generatorID>
<ownerDesignName>exportacao_farm_tech</ownerDesignName>
<useDomainConstraints>false</useDomainConstraints>
<use>1</use>
<logicalDatatype>LOGDT011</logicalDatatype>
<ownDataTypeParameters>,,</ownDataTypeParameters>
<previousColumn>false</previousColumn>
<autoIncrementCycle>false</autoIncrementCycle>
<associations>
<colAssociation fkAssociation="43254896-CEEE-2AE4-9FA2-5FD3501B723A" referredColumn="1460459C-97FE-B3C0-B4D3-4783CD98E6B3"/>
</associations>
</Column>
<Column name="unidade_medida_id_unidade" id="D0691BA9-2D79-0629-181D-DB5DD6F5902B">
<createdBy>Lucas</createdBy>
<createdTime>2025-04-16 19:45:20 UTC</createdTime>
<generatorID>26DCCF75-276D-8AE3-6CF8-5C933759153D</generatorID>
<ownerDesignName>exportacao_farm_tech</ownerDesignName>
<useDomainConstraints>false</useDomainConstraints>
<use>1</use>
<logicalDatatype>LOGDT011</logicalDatatype>
<ownDataTypeParameters>,,</ownDataTypeParameters>
<previousColumn>false</previousColumn>
<autoIncrementCycle>false</autoIncrementCycle>
<associations>
<colAssociation fkAssociation="914741DD-1851-BB11-F7AF-166CF2513ABE" referredColumn="4622D3FE-35C5-E590-EC4C-62CC01D603F0"/>
</associations>
</Column>
<Column name="nutriente_id_nutriente" id="885C2F25-C70E-C741-B5CF-7209DA345D72">
<createdBy>Lucas</createdBy>
<createdTime>2025-04-16 19:45:20 UTC</createdTime>
<generatorID>3E556DB9-6D3C-843F-435B-326BFEA92935</generatorID>
<ownerDesignName>exportacao_farm_tech</ownerDesignName>
<useDomainConstraints>false</useDomainConstraints>
<use>1</use>
<logicalDatatype>LOGDT011</logicalDatatype>
<ownDataTypeParameters>,,</ownDataTypeParameters>
<previousColumn>false</previousColumn>
<autoIncrementCycle>false</autoIncrementCycle>
<associations>
<colAssociation fkAssociation="B0B73F7D-0AC6-1D22-43C3-BCED8160EA14" referredColumn="92BE0100-247B-2FA8-8A22-65592F7EEBD4"/>
</associations>
</Column>
<Column name="data_hora" id="AFBABB6A-627F-56A9-C74B-971A64741479">
<createdBy>Lucas</createdBy>
<createdTime>2025-04-16 19:45:20 UTC</createdTime>
<generatorID>21CC3688-497F-8272-1F0A-9ABC44213C35</generatorID>
<ownerDesignName>exportacao_farm_tech</ownerDesignName>
<useDomainConstraints>false</useDomainConstraints>
<use>1</use>
<logicalDatatype>LOGDT047</logicalDatatype>
<dataTypePrecision>6</dataTypePrecision>
<ownDataTypeParameters>,6,</ownDataTypeParameters>
<autoIncrementCycle>false</autoIncrementCycle>
</Column>
<Column name="quantidade_aplicada" id="BFF2BA1B-D212-2E96-F709-6AFE726A1FA6">
<createdBy>Lucas</createdBy>
<createdTime>2025-04-16 19:45:20 UTC</createdTime>
<commentInRDBMS><![CDATA[quantidade de agua/produto]]></commentInRDBMS>
<generatorID>5EFA032C-FFBD-ECCF-B92E-3CE0F91D7531</generatorID>
<ownerDesignName>exportacao_farm_tech</ownerDesignName>
<useDomainConstraints>false</useDomainConstraints>
<use>1</use>
<logicalDatatype>LOGDT019</logicalDatatype>
<dataTypePrecision>10</dataTypePrecision>
<dataTypeScale>2</dataTypeScale>
<ownDataTypeParameters>,10,2</ownDataTypeParameters>
<autoIncrementCycle>false</autoIncrementCycle>
</Column>
<Column name="observacao" id="868B61A2-D965-D9F2-EE79-D49BF7DB86A4">
<createdBy>Lucas</createdBy>
<createdTime>2025-04-16 19:45:20 UTC</createdTime>
<generatorID>A708300F-27B6-8464-176B-1783BA1A0BE5</generatorID>
<ownerDesignName>exportacao_farm_tech</ownerDesignName>
<nullsAllowed>true</nullsAllowed>
<useDomainConstraints>false</useDomainConstraints>
<use>1</use>
<logicalDatatype>LOGDT040</logicalDatatype>
<ownDataTypeParameters>,,</ownDataTypeParameters>
<autoIncrementCycle>false</autoIncrementCycle>
</Column>
</columns>
<indexes itemClass="oracle.dbtools.crest.model.design.relational.Index">
<ind_PK_UK id="2DA7DD7A-5E9A-2B41-8923-570D90588C64" name="aplicacao_nutrientes_PK">
<createdBy>Lucas</createdBy>
<createdTime>2025-04-16 19:45:20 UTC</createdTime>
<generatorID>E56850A5-417A-55B4-1324-B097C35C16FC</generatorID>
<ownerDesignName>exportacao_farm_tech</ownerDesignName>
<pk>true</pk>
<indexState>Primary Constraint</indexState>
<isSurrogateKey>false</isSurrogateKey>
<indexColumnUsage>
<colUsage columnID="DDE780D4-7FDD-E669-2941-699C68D8A0E4"/>
</indexColumnUsage>
</ind_PK_UK>
<ind_PK_UK id="D5732447-2AA2-C7C6-C53D-0A4A2F1BC596" name="aplicacao_nutrientes_pl_FK">
<createdBy>Lucas</createdBy>
<createdTime>2025-04-16 19:45:20 UTC</createdTime>
<generatorID>180D35A2-9173-7D07-F1D4-949EDE63AB68</generatorID>
<ownerDesignName>exportacao_farm_tech</ownerDesignName>
<indexState>Foreign Key</indexState>
<isSurrogateKey>false</isSurrogateKey>
<indexColumnUsage>
<colUsage columnID="95FFA1EE-1962-872B-F6FD-8654C422C076"/>
</indexColumnUsage>
</ind_PK_UK>
<ind_PK_UK id="27D61CCA-9BCF-713D-CD37-744950CA470C" name="aplicacao_nutriente_FK">
<createdBy>Lucas</createdBy>
<createdTime>2025-04-16 19:45:20 UTC</createdTime>
<generatorID>F7089D26-CBB2-F685-DACC-47AA9B2A2A0D</generatorID>
<ownerDesignName>exportacao_farm_tech</ownerDesignName>
<indexState>Foreign Key</indexState>
<isSurrogateKey>false</isSurrogateKey>
<indexColumnUsage>
<colUsage columnID="885C2F25-C70E-C741-B5CF-7209DA345D72"/>
</indexColumnUsage>
</ind_PK_UK>
<ind_PK_UK id="9663591D-173B-6308-9BA9-6B6A7B4F384A" name="aplicacao_unidade_FK">
<createdBy>Lucas</createdBy>
<createdTime>2025-04-16 19:45:20 UTC</createdTime>
<generatorID>1D4EF359-80FB-CC61-8A3D-467FE82A7251</generatorID>
<ownerDesignName>exportacao_farm_tech</ownerDesignName>
<indexState>Foreign Key</indexState>
<isSurrogateKey>false</isSurrogateKey>
<indexColumnUsage>
<colUsage columnID="D0691BA9-2D79-0629-181D-DB5DD6F5902B"/>
</indexColumnUsage>
</ind_PK_UK>
</indexes>
</Table>