<?xml version = '1.0' encoding = 'UTF-8'?>
<Table class="oracle.dbtools.crest.model.design.relational.Table" directorySegmentName="seg_0" id="C0F7CE4C-8C70-82BA-6A13-8F0D18830303" name="cultura">
<createdBy>Lucas</createdBy>
<createdTime>2025-04-16 19:45:20 UTC</createdTime>
<generatorID>86DFB87F-810B-B5B9-4783-6F765BD59D15</generatorID>
<ownerDesignName>exportacao_farm_tech</ownerDesignName>
<allowColumnReorder>false</allowColumnReorder>
<existDependencyGenerateInDDl>true</existDependencyGenerateInDDl>
<parsed>true</parsed>
<columns itemClass="oracle.dbtools.crest.model.design.relational.Column">
<Column name="id_cultura" id="FEDC9B3A-0460-6417-1720-54AF40494EFD">
<createdBy>Lucas</createdBy>
<createdTime>2025-04-16 19:45:20 UTC</createdTime>
<commentInRDBMS><![CDATA[numero de indentificação da cultura]]></commentInRDBMS>
<generatorID>3C7ACCB3-C2E6-40C0-F145-DE3CE9D7E587</generatorID>
<ownerDesignName>exportacao_farm_tech</ownerDesignName>
<useDomainConstraints>false</useDomainConstraints>
<use>1</use>
<logicalDatatype>LOGDT011</logicalDatatype>
<ownDataTypeParameters>,,</ownDataTypeParameters>
<autoIncrementCycle>false</autoIncrementCycle>
</Column>
<Column name="nome" id="E52D2427-3410-A63F-8C10-54131BB4C9F8">
<createdBy>Lucas</createdBy>
<createdTime>2025-04-16 19:45:20 UTC</createdTime>
<commentInRDBMS><![CDATA[ex: milho, soja, cafe, cana]]></commentInRDBMS>
<generatorID>8CF54E21-3E92-EB65-4DE6-97F1CAE3F370</generatorID>
<ownerDesignName>exportacao_farm_tech</ownerDesignName>
<useDomainConstraints>false</useDomainConstraints>
<use>1</use>
<logicalDatatype>LOGDT024</logicalDatatype>
<dataTypeSize>255</dataTypeSize>
<ownDataTypeParameters>255,,</ownDataTypeParameters>
<autoIncrementCycle>false</autoIncrementCycle>
</Column>
</columns>
<indexes itemClass="oracle.dbtools.crest.model.design.relational.Index">
<ind_PK_UK id="9770DB3F-401F-7DE1-B812-C9467F4A445F" name="cultura_PK">
<createdBy>Lucas</createdBy>
<createdTime>2025-04-16 19:45:20 UTC</createdTime>
<generatorID>4F7BF75F-40D3-5A12-6D7C-0DC6273C97A9</generatorID>
<ownerDesignName>exportacao_farm_tech</ownerDesignName>
<pk>true</pk>
<indexState>Primary Constraint</indexState>
<isSurrogateKey>false</isSurrogateKey>
<indexColumnUsage>
<colUsage columnID="FEDC9B3A-0460-6417-1720-54AF40494EFD"/>
</indexColumnUsage>
</ind_PK_UK>
</indexes>
</Table>