<?xml version = '1.0' encoding = 'UTF-8'?>
<Table class="oracle.dbtools.crest.model.design.relational.Table" directorySegmentName="seg_0" id="DC5D36D3-D8C4-E005-2997-24DF533B3082" name="leiturasensor">
<createdBy>Lucas</createdBy>
<createdTime>2025-04-16 19:45:20 UTC</createdTime>
<generatorID>A0A26CA5-E955-A6C7-3581-7F92ED6AFA17</generatorID>
<ownerDesignName>exportacao_farm_tech</ownerDesignName>
<allowColumnReorder>false</allowColumnReorder>
<existDependencyGenerateInDDl>true</existDependencyGenerateInDDl>
<parsed>true</parsed>
<columns itemClass="oracle.dbtools.crest.model.design.relational.Column">
<Column name="id_leitura" id="5414192B-7821-2148-AC4D-A8EBD612322C">
<createdBy>Lucas</createdBy>
<createdTime>2025-04-16 19:45:20 UTC</createdTime>
<commentInRDBMS><![CDATA[identidade da leitura]]></commentInRDBMS>
<generatorID>48B57BCE-E1C9-ECEB-1B8C-33950432D94F</generatorID>
<ownerDesignName>exportacao_farm_tech</ownerDesignName>
<useDomainConstraints>false</useDomainConstraints>
<use>1</use>
<logicalDatatype>LOGDT011</logicalDatatype>
<ownDataTypeParameters>,,</ownDataTypeParameters>
<autoIncrementCycle>false</autoIncrementCycle>
</Column>
<Column name="plantio_id_plantio" id="0F757B0B-EDE2-C3D9-D04E-4375E8560DC3">
<createdBy>Lucas</createdBy>
<createdTime>2025-04-16 19:45:20 UTC</createdTime>
<generatorID>7FDD4D40-ADF3-2FD3-BD19-4E6929018137</generatorID>
<ownerDesignName>exportacao_farm_tech</ownerDesignName>
<useDomainConstraints>false</useDomainConstraints>
<use>1</use>
<logicalDatatype>LOGDT011</logicalDatatype>
<ownDataTypeParameters>,,</ownDataTypeParameters>
<previousColumn>false</previousColumn>
<autoIncrementCycle>false</autoIncrementCycle>
<associations>
<colAssociation fkAssociation="A487E4C9-4C15-3ED4-D022-12CC60986A30" referredColumn="1460459C-97FE-B3C0-B4D3-4783CD98E6B3"/>
</associations>
</Column>
<Column name="sensor_id_sensor" id="A8905026-D8CA-1997-4ED2-45E41BFFAD88">
<createdBy>Lucas</createdBy>
<createdTime>2025-04-16 19:45:20 UTC</createdTime>
<generatorID>562E1AE0-3D30-1033-87E7-B19ED521CEC7</generatorID>
<ownerDesignName>exportacao_farm_tech</ownerDesignName>
<useDomainConstraints>false</useDomainConstraints>
<use>1</use>
<logicalDatatype>LOGDT011</logicalDatatype>
<ownDataTypeParameters>,,</ownDataTypeParameters>
<previousColumn>false</previousColumn>
<autoIncrementCycle>false</autoIncrementCycle>
<associations>
<colAssociation fkAssociation="425CDD44-BE11-01DD-5196-DE084A196780" referredColumn="3819ECFA-4004-F175-CA1D-6B6C0B2135FC"/>
</associations>
</Column>
<Column name="unidade_medida_id_unidade" id="11165591-645C-11DE-79C8-C1C7B602CC0D">
<createdBy>Lucas</createdBy>
<createdTime>2025-04-16 19:45:20 UTC</createdTime>
<generatorID>C1A2E1F9-6B18-0F41-8319-0B71868E534F</generatorID>
<ownerDesignName>exportacao_farm_tech</ownerDesignName>
<useDomainConstraints>false</useDomainConstraints>
<use>1</use>
<logicalDatatype>LOGDT011</logicalDatatype>
<ownDataTypeParameters>,,</ownDataTypeParameters>
<previousColumn>false</previousColumn>
<autoIncrementCycle>false</autoIncrementCycle>
<associations>
<colAssociation fkAssociation="B9EE5ECB-B316-FCCA-8DC4-D9AAE56A2F89" referredColumn="4622D3FE-35C5-E590-EC4C-62CC01D603F0"/>
</associations>
</Column>
<Column name="data_hora_leitura" id="4446F05E-7D71-9E36-E1EE-8CD5A719EBEA">
<createdBy>Lucas</createdBy>
<createdTime>2025-04-16 19:45:20 UTC</createdTime>
<commentInRDBMS><![CDATA[data e hota que captou a leitura]]></commentInRDBMS>
<generatorID>965CA4BD-5A68-8077-F62C-99A108AC9078</generatorID>
<ownerDesignName>exportacao_farm_tech</ownerDesignName>
<useDomainConstraints>false</useDomainConstraints>
<use>1</use>
<logicalDatatype>LOGDT047</logicalDatatype>
<dataTypePrecision>6</dataTypePrecision>
<ownDataTypeParameters>,6,</ownDataTypeParameters>
<autoIncrementCycle>false</autoIncrementCycle>
</Column>
<Column name="valor_lido" id="AB54F007-CB79-5EF5-96B2-7BCFC99A579B">
<createdBy>Lucas</createdBy>
<createdTime>2025-04-16 19:45:20 UTC</createdTime>
<commentInRDBMS><![CDATA[o valor lido como numero, podendo ser ph,humidade e etc]]></commentInRDBMS>
<generatorID>377725AA-C51A-70B0-8844-E533510F024C</generatorID>
<ownerDesignName>exportacao_farm_tech</ownerDesignName>
<useDomainConstraints>false</useDomainConstraints>
<use>1</use>
<logicalDatatype>LOGDT019</logicalDatatype>
<dataTypePrecision>12</dataTypePrecision>
<dataTypeScale>4</dataTypeScale>
<ownDataTypeParameters>,12,4</ownDataTypeParameters>
<autoIncrementCycle>false</autoIncrementCycle>
</Column>
</columns>
<indexes itemClass="oracle.dbtools.crest.model.design.relational.Index">
<ind_PK_UK id="3F160330-2137-9166-E7E5-945C7F836957" name="leiturasensor_PK">
<createdBy>Lucas</createdBy>
<createdTime>2025-04-16 19:45:20 UTC</createdTime>
<generatorID>97623D8D-917F-B96D-C0D5-7ABDDA8B1BEA</generatorID>
<ownerDesignName>exportacao_farm_tech</ownerDesignName>
<pk>true</pk>
<indexState>Primary Constraint</indexState>
<isSurrogateKey>false</isSurrogateKey>
<indexColumnUsage>
<colUsage columnID="5414192B-7821-2148-AC4D-A8EBD612322C"/>
</indexColumnUsage>
</ind_PK_UK>
<ind_PK_UK id="4CDD977F-12F5-FF0D-22B8-C5004079E9CA" name="leiturasensor_sensor_FK">
<createdBy>Lucas</createdBy>
<createdTime>2025-04-16 19:45:20 UTC</createdTime>
<generatorID>82219143-6825-BB57-6A8F-48F9BA749AF4</generatorID>
<ownerDesignName>exportacao_farm_tech</ownerDesignName>
<indexState>Foreign Key</indexState>
<isSurrogateKey>false</isSurrogateKey>
<indexColumnUsage>
<colUsage columnID="A8905026-D8CA-1997-4ED2-45E41BFFAD88"/>
</indexColumnUsage>
</ind_PK_UK>
<ind_PK_UK id="4EC82F35-8792-AAE9-81B9-5ACB32FF2979" name="leiturasensor_unidade_FK">
<createdBy>Lucas</createdBy>
<createdTime>2025-04-16 19:45:20 UTC</createdTime>
<generatorID>686CF893-FCC0-0EFB-1676-8F269519FB4E</generatorID>
<ownerDesignName>exportacao_farm_tech</ownerDesignName>
<indexState>Foreign Key</indexState>
<isSurrogateKey>false</isSurrogateKey>
<indexColumnUsage>
<colUsage columnID="11165591-645C-11DE-79C8-C1C7B602CC0D"/>
</indexColumnUsage>
</ind_PK_UK>
<ind_PK_UK id="7024660D-7FC1-DB7C-198F-B94456FBFF48" name="leiturasensor_plantio_FK">
<createdBy>Lucas</createdBy>
<createdTime>2025-04-16 19:45:20 UTC</createdTime>
<generatorID>E458553F-1FE6-D67B-6B93-0EF69FA644F8</generatorID>
<ownerDesignName>exportacao_farm_tech</ownerDesignName>
<indexState>Foreign Key</indexState>
<isSurrogateKey>false</isSurrogateKey>
<indexColumnUsage>
<colUsage columnID="0F757B0B-EDE2-C3D9-D04E-4375E8560DC3"/>
</indexColumnUsage>
</ind_PK_UK>
</indexes>
</Table>