<?xml version = '1.0' encoding = 'UTF-8'?>
<Table class="oracle.dbtools.crest.model.design.relational.Table" directorySegmentName="seg_0" id="E1233D1E-2ABC-0D0F-E72C-A6A294C4E467" name="irrigacao">
<createdBy>Lucas</createdBy>
<createdTime>2025-04-16 19:45:20 UTC</createdTime>
<generatorID>C700F290-F6BC-8B65-A449-4475AAE9A9CA</generatorID>
<ownerDesignName>exportacao_farm_tech</ownerDesignName>
<allowColumnReorder>false</allowColumnReorder>
<existDependencyGenerateInDDl>true</existDependencyGenerateInDDl>
<parsed>true</parsed>
<columns itemClass="oracle.dbtools.crest.model.design.relational.Column">
<Column name="id_irrigacao" id="B6AEBDB5-6380-6637-2294-F4B11D9C4C5E">
<createdBy>Lucas</createdBy>
<createdTime>2025-04-16 19:45:20 UTC</createdTime>
<generatorID>0A47FF6D-9D5E-96F1-B627-B353ECFE4D84</generatorID>
<ownerDesignName>exportacao_farm_tech</ownerDesignName>
<useDomainConstraints>false</useDomainConstraints>
<use>1</use>
<logicalDatatype>LOGDT011</logicalDatatype>
<ownDataTypeParameters>,,</ownDataTypeParameters>
<autoIncrementCycle>false</autoIncrementCycle>
</Column>
<Column name="unidade_medida_id_unidade" id="E4BBACD3-5E0E-C77A-8485-FC7EF7BABD07">
<createdBy>Lucas</createdBy>
<createdTime>2025-04-16 19:45:20 UTC</createdTime>
<generatorID>6149438F-257A-1677-E1CA-7AC1868D618E</generatorID>
<ownerDesignName>exportacao_farm_tech</ownerDesignName>
<useDomainConstraints>false</useDomainConstraints>
<use>1</use>
<logicalDatatype>LOGDT011</logicalDatatype>
<ownDataTypeParameters>,,</ownDataTypeParameters>
<previousColumn>false</previousColumn>
<autoIncrementCycle>false</autoIncrementCycle>
<associations>
<colAssociation fkAssociation="208EFFDB-BFBE-3C66-2315-10630BA5934C" referredColumn="4622D3FE-35C5-E590-EC4C-62CC01D603F0"/>
</associations>
</Column>
<Column name="plantio_id_plantio" id="AFC7AF8C-454A-AC36-D2BB-2FD5DA5697BF">
<createdBy>Lucas</createdBy>
<createdTime>2025-04-16 19:45:20 UTC</createdTime>
<generatorID>1735706A-A0E7-D752-A84C-48C6B9D1EBFD</generatorID>
<ownerDesignName>exportacao_farm_tech</ownerDesignName>
<useDomainConstraints>false</useDomainConstraints>
<use>1</use>
<logicalDatatype>LOGDT011</logicalDatatype>
<ownDataTypeParameters>,,</ownDataTypeParameters>
<previousColumn>false</previousColumn>
<autoIncrementCycle>false</autoIncrementCycle>
<associations>
<colAssociation fkAssociation="55C8095D-476E-3634-FC5F-E460DC9643E9" referredColumn="1460459C-97FE-B3C0-B4D3-4783CD98E6B3"/>
</associations>
</Column>
<Column name="quantidade_total" id="9F8EA6AB-FA52-0BF8-D2C5-47974CA32675">
<createdBy>Lucas</createdBy>
<createdTime>2025-04-16 19:45:20 UTC</createdTime>
<generatorID>48224D97-105B-053D-BC38-75101E730B85</generatorID>
<ownerDesignName>exportacao_farm_tech</ownerDesignName>
<useDomainConstraints>false</useDomainConstraints>
<use>1</use>
<logicalDatatype>LOGDT019</logicalDatatype>
<dataTypePrecision>12</dataTypePrecision>
<dataTypeScale>3</dataTypeScale>
<ownDataTypeParameters>,12,3</ownDataTypeParameters>
<autoIncrementCycle>false</autoIncrementCycle>
</Column>
<Column name="inicio" id="ACE4895B-ECAC-8D02-1898-F6FE7A4277D5">
<createdBy>Lucas</createdBy>
<createdTime>2025-04-16 19:45:20 UTC</createdTime>
<generatorID>56681C9B-0B07-A65B-13CD-BB55C80955BC</generatorID>
<ownerDesignName>exportacao_farm_tech</ownerDesignName>
<useDomainConstraints>false</useDomainConstraints>
<use>1</use>
<logicalDatatype>LOGDT047</logicalDatatype>
<dataTypePrecision>6</dataTypePrecision>
<ownDataTypeParameters>,6,</ownDataTypeParameters>
<autoIncrementCycle>false</autoIncrementCycle>
</Column>
<Column name="fim" id="4474DE42-531E-303B-16CB-F20118EE8ACF">
<createdBy>Lucas</createdBy>
<createdTime>2025-04-16 19:45:20 UTC</createdTime>
<generatorID>0A5E419A-A24A-37E7-6FAA-74E1094C8DE7</generatorID>
<ownerDesignName>exportacao_farm_tech</ownerDesignName>
<nullsAllowed>true</nullsAllowed>
<useDomainConstraints>false</useDomainConstraints>
<use>1</use>
<logicalDatatype>LOGDT047</logicalDatatype>
<dataTypePrecision>6</dataTypePrecision>
<ownDataTypeParameters>,6,</ownDataTypeParameters>
<autoIncrementCycle>false</autoIncrementCycle>
</Column>
<Column name="observacao" id="A4CEA7DC-3FE1-F3E7-65B5-D1E04A7E5018">
<createdBy>Lucas</createdBy>
<createdTime>2025-04-16 19:45:20 UTC</createdTime>
<generatorID>1306BD37-7037-BDCC-B5A4-0BCD4C8C43F5</generatorID>
<ownerDesignName>exportacao_farm_tech</ownerDesignName>
<nullsAllowed>true</nullsAllowed>
<useDomainConstraints>false</useDomainConstraints>
<use>1</use>
<logicalDatatype>LOGDT040</logicalDatatype>
<ownDataTypeParameters>,,</ownDataTypeParameters>
<autoIncrementCycle>false</autoIncrementCycle>
</Column>
</columns>
<indexes itemClass="oracle.dbtools.crest.model.design.relational.Index">
<ind_PK_UK id="F9A4CD7E-C4E3-762F-AB23-76C4020B1BE2" name="irrigacao_PK">
<createdBy>Lucas</createdBy>
<createdTime>2025-04-16 19:45:20 UTC</createdTime>
<generatorID>A4ABAEC9-27DD-59AC-5114-440D7E37B469</generatorID>
<ownerDesignName>exportacao_farm_tech</ownerDesignName>
<pk>true</pk>
<indexState>Primary Constraint</indexState>
<isSurrogateKey>false</isSurrogateKey>
<indexColumnUsage>
<colUsage columnID="B6AEBDB5-6380-6637-2294-F4B11D9C4C5E"/>
</indexColumnUsage>
</ind_PK_UK>
<ind_PK_UK id="366CF461-55D1-9E48-1DEF-BEE30F571491" name="irrigacao_plantio_FK">
<createdBy>Lucas</createdBy>
<createdTime>2025-04-16 19:45:20 UTC</createdTime>
<generatorID>00D62E1F-FC8F-19F0-FDA2-F6F6D36A051B</generatorID>
<ownerDesignName>exportacao_farm_tech</ownerDesignName>
<indexState>Foreign Key</indexState>
<isSurrogateKey>false</isSurrogateKey>
<indexColumnUsage>
<colUsage columnID="AFC7AF8C-454A-AC36-D2BB-2FD5DA5697BF"/>
</indexColumnUsage>
</ind_PK_UK>
<ind_PK_UK id="B4AC085F-3B6D-2CF2-6151-96E92FB47C91" name="irrigacao_unidade_medida_FK">
<createdBy>Lucas</createdBy>
<createdTime>2025-04-16 19:45:20 UTC</createdTime>
<generatorID>2B3A79CF-9FA6-2CFB-9C3E-432F40B4D4BA</generatorID>
<ownerDesignName>exportacao_farm_tech</ownerDesignName>
<indexState>Foreign Key</indexState>
<isSurrogateKey>false</isSurrogateKey>
<indexColumnUsage>
<colUsage columnID="E4BBACD3-5E0E-C77A-8485-FC7EF7BABD07"/>
</indexColumnUsage>
</ind_PK_UK>
</indexes>
</Table>