<?xml version = '1.0' encoding = 'UTF-8'?>
<Diagram class="oracle.dbtools.crest.swingui.relational.DPVRelational" name="FarmTech_Schema" id="EBE85A52-AA9D-ECB8-694B-AA3718D3B2CA">
<createdBy>tomat</createdBy>
<modifiedBy>tomat</modifiedBy>
<createdTime>2025-04-16 17:22:07 UTC</createdTime>
<autoRoute>false</autoRoute>
<boxInbox>true</boxInbox>
<showLegend>false</showLegend>
<showLabels>false</showLabels>
<showRelAttributes>false</showRelAttributes>
<gridEnabled>false</gridEnabled>
<showGrid>false</showGrid>
<diagramColor>-1</diagramColor>
<display>false</display>
<notation>1</notation>
<objectViews>
<OView class="oracle.dbtools.crest.swingui.relational.TVTable" oid="171E6F15-185B-ED60-7205-D0ADC1A0A55B" otype="Table" vid="FE703A20-8FBE-337C-6820-7BFEEDFBCF43">
<hideElementsInCurrentOnly>false</hideElementsInCurrentOnly>
<bounds x="395" y="309" width="294" height="150"/>
</OView>
<OView class="oracle.dbtools.crest.swingui.relational.TVTable" oid="322D4A1D-EC83-10C1-81D1-FE298804EE1F" otype="Table" vid="711EA5B4-832D-57C3-82B5-FB18D5AB4D27">
<hideElementsInCurrentOnly>false</hideElementsInCurrentOnly>
<bounds x="716" y="343" width="335" height="164"/>
</OView>
<OView class="oracle.dbtools.crest.swingui.relational.TVTable" oid="565ECCA9-774A-FAC7-B039-9C2BD515B213" otype="Table" vid="1E963FE1-C588-4564-D3E2-EBB34C773208">
<hideElementsInCurrentOnly>false</hideElementsInCurrentOnly>
<bounds x="347" y="105" width="369" height="150"/>
</OView>
<OView class="oracle.dbtools.crest.swingui.relational.TVTable" oid="6D261316-FCC2-9669-419C-2F08E6ABD000" otype="Table" vid="23EF50E0-A4B2-1469-3FBC-FB2CCEE234B5">
<hideElementsInCurrentOnly>false</hideElementsInCurrentOnly>
<bounds x="109" y="308" width="213" height="88"/>
</OView>
<OView class="oracle.dbtools.crest.swingui.relational.TVTable" oid="9AB58A95-14D7-132A-EAB8-B6F0FC9D5861" otype="Table" vid="048A1B97-7313-4C3F-12BB-E4E1CC63888B">
<hideElementsInCurrentOnly>false</hideElementsInCurrentOnly>
<bounds x="87" y="123" width="209" height="74"/>
</OView>
<OView class="oracle.dbtools.crest.swingui.relational.TVTable" oid="9C17B99A-7C2B-53A8-3F3C-F4CFC8585DED" otype="Table" vid="F77D48B0-5FE4-B0AE-7CE2-0A3102DBF21D">
<hideElementsInCurrentOnly>false</hideElementsInCurrentOnly>
<bounds x="1201" y="132" width="199" height="74"/>
</OView>
<OView class="oracle.dbtools.crest.swingui.relational.TVTable" oid="B33884CB-1963-1DD9-76D6-5D9EEB28E971" otype="Table" vid="62DC2FCC-5523-9BB0-7BE8-0B2780258181">
<hideElementsInCurrentOnly>false</hideElementsInCurrentOnly>
<bounds x="986" y="580" width="391" height="192"/>
</OView>
<OView class="oracle.dbtools.crest.swingui.relational.TVTable" oid="C0F7CE4C-8C70-82BA-6A13-8F0D18830303" otype="Table" vid="2F899AAA-E798-26F9-7F2F-4047B287CD62">
<hideElementsInCurrentOnly>false</hideElementsInCurrentOnly>
<bounds x="118" y="451" width="189" height="74"/>
</OView>
<OView class="oracle.dbtools.crest.swingui.relational.TVTable" oid="CDE5E009-42B9-9A93-FCFE-116193292275" otype="Table" vid="29C119E7-61C0-4617-89AA-3487753830A8">
<hideElementsInCurrentOnly>false</hideElementsInCurrentOnly>
<bounds x="640" y="588" width="198" height="88"/>
</OView>
<OView class="oracle.dbtools.crest.swingui.relational.TVTable" oid="DC5D36D3-D8C4-E005-2997-24DF533B3082" otype="Table" vid="5F381E05-53F5-23B0-60F4-9A394F3244E2">
<hideElementsInCurrentOnly>false</hideElementsInCurrentOnly>
<bounds x="756" y="111" width="389" height="178"/>
</OView>
<OView class="oracle.dbtools.crest.swingui.relational.TVTable" oid="E1233D1E-2ABC-0D0F-E72C-A6A294C4E467" otype="Table" vid="78DF9BC3-8418-4925-77A0-49F9CACA60B8">
<hideElementsInCurrentOnly>false</hideElementsInCurrentOnly>
<bounds x="1091" y="359" width="389" height="178"/>
</OView>
</objectViews>
<connectors>
<Connector class="oracle.dbtools.crest.swingui.relational.TVFKRelation" oid="0EE6274D-703C-B0E4-077A-9AC6245838A8" otype="FKIndexAssociation" vid_source="FE703A20-8FBE-337C-6820-7BFEEDFBCF43" vid_target="711EA5B4-832D-57C3-82B5-FB18D5AB4D27">
<hideElementsInCurrentOnly>false</hideElementsInCurrentOnly>
<backgroundColor>-16777216</backgroundColor>
<lineWidth>1</lineWidth>
<points>
<point x="689" y="401"/>
<point x="716" y="401"/>
</points>
</Connector>
<Connector class="oracle.dbtools.crest.swingui.relational.TVFKRelation" oid="208EFFDB-BFBE-3C66-2315-10630BA5934C" otype="FKIndexAssociation" vid_source="F77D48B0-5FE4-B0AE-7CE2-0A3102DBF21D" vid_target="78DF9BC3-8418-4925-77A0-49F9CACA60B8">
<hideElementsInCurrentOnly>false</hideElementsInCurrentOnly>
<backgroundColor>-16777216</backgroundColor>
<lineWidth>1</lineWidth>
<points>
<point x="1315" y="206"/>
<point x="1315" y="359"/>
</points>
</Connector>
<Connector class="oracle.dbtools.crest.swingui.relational.TVFKRelation" oid="425CDD44-BE11-01DD-5196-DE084A196780" otype="FKIndexAssociation" vid_source="1E963FE1-C588-4564-D3E2-EBB34C773208" vid_target="5F381E05-53F5-23B0-60F4-9A394F3244E2">
<hideElementsInCurrentOnly>false</hideElementsInCurrentOnly>
<backgroundColor>-16777216</backgroundColor>
<lineWidth>1</lineWidth>
<points>
<point x="716" y="183"/>
<point x="756" y="183"/>
</points>
</Connector>
<Connector class="oracle.dbtools.crest.swingui.relational.TVFKRelation" oid="43254896-CEEE-2AE4-9FA2-5FD3501B723A" otype="FKIndexAssociation" vid_source="711EA5B4-832D-57C3-82B5-FB18D5AB4D27" vid_target="62DC2FCC-5523-9BB0-7BE8-0B2780258181">
<hideElementsInCurrentOnly>false</hideElementsInCurrentOnly>
<backgroundColor>-16777216</backgroundColor>
<lineWidth>1</lineWidth>
<points>
<point x="1033" y="507"/>
<point x="1033" y="580"/>
</points>
</Connector>
<Connector class="oracle.dbtools.crest.swingui.relational.TVFKRelation" oid="480F3A59-4FD4-9E7C-6D40-174DEAFA2C26" otype="FKIndexAssociation" vid_source="2F899AAA-E798-26F9-7F2F-4047B287CD62" vid_target="711EA5B4-832D-57C3-82B5-FB18D5AB4D27">
<hideElementsInCurrentOnly>false</hideElementsInCurrentOnly>
<backgroundColor>-16777216</backgroundColor>
<lineWidth>1</lineWidth>
<points>
<point x="307" y="479"/>
<point x="716" y="479"/>
</points>
</Connector>
<Connector class="oracle.dbtools.crest.swingui.relational.TVFKRelation" oid="55C8095D-476E-3634-FC5F-E460DC9643E9" otype="FKIndexAssociation" vid_source="711EA5B4-832D-57C3-82B5-FB18D5AB4D27" vid_target="78DF9BC3-8418-4925-77A0-49F9CACA60B8">
<hideElementsInCurrentOnly>false</hideElementsInCurrentOnly>
<backgroundColor>-16777216</backgroundColor>
<lineWidth>1</lineWidth>
<points>
<point x="1051" y="433"/>
<point x="1091" y="433"/>
</points>
</Connector>
<Connector class="oracle.dbtools.crest.swingui.relational.TVFKRelation" oid="914741DD-1851-BB11-F7AF-166CF2513ABE" otype="FKIndexAssociation" vid_source="F77D48B0-5FE4-B0AE-7CE2-0A3102DBF21D" vid_target="62DC2FCC-5523-9BB0-7BE8-0B2780258181">
<hideElementsInCurrentOnly>false</hideElementsInCurrentOnly>
<backgroundColor>-16777216</backgroundColor>
<lineWidth>1</lineWidth>
<points>
<point x="1259" y="206"/>
<point x="1259" y="580"/>
</points>
</Connector>
<Connector class="oracle.dbtools.crest.swingui.relational.TVFKRelation" oid="A487E4C9-4C15-3ED4-D022-12CC60986A30" otype="FKIndexAssociation" vid_source="711EA5B4-832D-57C3-82B5-FB18D5AB4D27" vid_target="5F381E05-53F5-23B0-60F4-9A394F3244E2">
<hideElementsInCurrentOnly>false</hideElementsInCurrentOnly>
<backgroundColor>-16777216</backgroundColor>
<lineWidth>1</lineWidth>
<points>
<point x="918" y="343"/>
<point x="918" y="289"/>
</points>
</Connector>
<Connector class="oracle.dbtools.crest.swingui.relational.TVFKRelation" oid="AB39D373-4BDB-698D-7280-4871E03F7E4A" otype="FKIndexAssociation" vid_source="23EF50E0-A4B2-1469-3FBC-FB2CCEE234B5" vid_target="FE703A20-8FBE-337C-6820-7BFEEDFBCF43">
<hideElementsInCurrentOnly>false</hideElementsInCurrentOnly>
<backgroundColor>-16777216</backgroundColor>
<lineWidth>1</lineWidth>
<points>
<point x="322" y="367"/>
<point x="395" y="367"/>
</points>
</Connector>
<Connector class="oracle.dbtools.crest.swingui.relational.TVFKRelation" oid="B0B73F7D-0AC6-1D22-43C3-BCED8160EA14" otype="FKIndexAssociation" vid_source="29C119E7-61C0-4617-89AA-3487753830A8" vid_target="62DC2FCC-5523-9BB0-7BE8-0B2780258181">
<hideElementsInCurrentOnly>false</hideElementsInCurrentOnly>
<backgroundColor>-16777216</backgroundColor>
<lineWidth>1</lineWidth>
<points>
<point x="838" y="647"/>
<point x="986" y="647"/>
</points>
</Connector>
<Connector class="oracle.dbtools.crest.swingui.relational.TVFKRelation" oid="B9EE5ECB-B316-FCCA-8DC4-D9AAE56A2F89" otype="FKIndexAssociation" vid_source="F77D48B0-5FE4-B0AE-7CE2-0A3102DBF21D" vid_target="5F381E05-53F5-23B0-60F4-9A394F3244E2">
<hideElementsInCurrentOnly>false</hideElementsInCurrentOnly>
<backgroundColor>-16777216</backgroundColor>
<lineWidth>1</lineWidth>
<points>
<point x="1201" y="184"/>
<point x="1145" y="184"/>
</points>
</Connector>
<Connector class="oracle.dbtools.crest.swingui.relational.TVFKRelation" oid="C7BC406C-B4D7-298E-10D3-D215CFCC98C5" otype="FKIndexAssociation" vid_source="048A1B97-7313-4C3F-12BB-E4E1CC63888B" vid_target="1E963FE1-C588-4564-D3E2-EBB34C773208">
<hideElementsInCurrentOnly>false</hideElementsInCurrentOnly>
<backgroundColor>-16777216</backgroundColor>
<lineWidth>1</lineWidth>
<points>
<point x="296" y="160"/>
<point x="347" y="160"/>
</points>
</Connector>
</connectors>
</Diagram>