<?xml version = '1.0' encoding = 'UTF-8'?>
<FKIndexAssociation class="oracle.dbtools.crest.model.design.relational.FKIndexAssociation" directorySegmentName="seg_0" id="0EE6274D-703C-B0E4-077A-9AC6245838A8" containerWithKeyObject="322D4A1D-EC83-10C1-81D1-FE298804EE1F" localFKIndex="8FF45739-D0BB-4E14-B668-97F077C426A7" name="plantio_campo_FK">
<createdBy>Lucas</createdBy>
<createdTime>2025-04-16 19:45:20 UTC</createdTime>
<generatorID>E2E64E78-98A2-97D7-6A06-FC9A1AA37786</generatorID>
<ownerDesignName>exportacao_farm_tech</ownerDesignName>
<referredTableLongName>campo</referredTableLongName>
<deleteRule>NO ACTION</deleteRule>
<referredTableID>171E6F15-185B-ED60-7205-D0ADC1A0A55B</referredTableID>
<keyObject>9490F112-813C-DF75-0E5D-AFF762C2FB8F</keyObject>
<referredKeyID>9490F112-813C-DF75-0E5D-AFF762C2FB8F</referredKeyID>
<mandatory>true</mandatory>
<refColNames>id_campo</refColNames>
<transferable>true</transferable>
<rely>false</rely>
<columnDependencyConstraintGenerateInDDL>true</columnDependencyConstraintGenerateInDDL>
</FKIndexAssociation>