<?xml version = '1.0' encoding = 'UTF-8'?>
<FKIndexAssociation class="oracle.dbtools.crest.model.design.relational.FKIndexAssociation" directorySegmentName="seg_0" id="208EFFDB-BFBE-3C66-2315-10630BA5934C" containerWithKeyObject="E1233D1E-2ABC-0D0F-E72C-A6A294C4E467" localFKIndex="B4AC085F-3B6D-2CF2-6151-96E92FB47C91" name="irrigacao_unidade_FK">
<createdBy>Lucas</createdBy>
<createdTime>2025-04-16 19:45:20 UTC</createdTime>
<generatorID>2B3A79CF-9FA6-2CFB-9C3E-432F40B4D4BA</generatorID>
<ownerDesignName>exportacao_farm_tech</ownerDesignName>
<referredTableLongName>unidade_medida</referredTableLongName>
<deleteRule>NO ACTION</deleteRule>
<referredTableID>9C17B99A-7C2B-53A8-3F3C-F4CFC8585DED</referredTableID>
<keyObject>7025445B-34EA-3505-C47B-A80636B20D00</keyObject>
<referredKeyID>7025445B-34EA-3505-C47B-A80636B20D00</referredKeyID>
<mandatory>true</mandatory>
<refColNames>id_unidade</refColNames>
<transferable>true</transferable>
<rely>false</rely>
<columnDependencyConstraintGenerateInDDL>true</columnDependencyConstraintGenerateInDDL>
</FKIndexAssociation>