<?xml version = '1.0' encoding = 'UTF-8'?>
<FKIndexAssociation class="oracle.dbtools.crest.model.design.relational.FKIndexAssociation" directorySegmentName="seg_0" id="425CDD44-BE11-01DD-5196-DE084A196780" containerWithKeyObject="DC5D36D3-D8C4-E005-2997-24DF533B3082" localFKIndex="4CDD977F-12F5-FF0D-22B8-C5004079E9CA" name="leiturasensor_sensor_FK">
<createdBy>Lucas</createdBy>
<createdTime>2025-04-16 19:45:20 UTC</createdTime>
<generatorID>82219143-6825-BB57-6A8F-48F9BA749AF4</generatorID>
<ownerDesignName>exportacao_farm_tech</ownerDesignName>
<referredTableLongName>sensor</referredTableLongName>
<deleteRule>NO ACTION</deleteRule>
<referredTableID>565ECCA9-774A-FAC7-B039-9C2BD515B213</referredTableID>
<keyObject>0EB5E82D-B307-0DA9-1A69-2DB080EF7C7F</keyObject>
<referredKeyID>0EB5E82D-B307-0DA9-1A69-2DB080EF7C7F</referredKeyID>
<mandatory>true</mandatory>
<refColNames>id_sensor</refColNames>
<transferable>true</transferable>
<rely>false</rely>
<columnDependencyConstraintGenerateInDDL>true</columnDependencyConstraintGenerateInDDL>
</FKIndexAssociation>