<?xml version = '1.0' encoding = 'UTF-8'?>
<FKIndexAssociation class="oracle.dbtools.crest.model.design.relational.FKIndexAssociation" directorySegmentName="seg_0" id="43254896-CEEE-2AE4-9FA2-5FD3501B723A" containerWithKeyObject="B33884CB-1963-1DD9-76D6-5D9EEB28E971" localFKIndex="D5732447-2AA2-C7C6-C53D-0A4A2F1BC596" name="aplicacao_nutrientes_plantio_FK">
<createdBy>Lucas</createdBy>
<createdTime>2025-04-16 19:45:20 UTC</createdTime>
<generatorID>180D35A2-9173-7D07-F1D4-949EDE63AB68</generatorID>
<ownerDesignName>exportacao_farm_tech</ownerDesignName>
<referredTableLongName>plantio</referredTableLongName>
<deleteRule>NO ACTION</deleteRule>
<referredTableID>322D4A1D-EC83-10C1-81D1-FE298804EE1F</referredTableID>
<keyObject>BFD1F4CA-AF7E-87A6-F91F-93F1D3C579FC</keyObject>
<referredKeyID>BFD1F4CA-AF7E-87A6-F91F-93F1D3C579FC</referredKeyID>
<mandatory>true</mandatory>
<refColNames>id_plantio</refColNames>
<transferable>true</transferable>
<rely>false</rely>
<columnDependencyConstraintGenerateInDDL>true</columnDependencyConstraintGenerateInDDL>
</FKIndexAssociation>