<?xml version = '1.0' encoding = 'UTF-8'?>
<FKIndexAssociation class="oracle.dbtools.crest.model.design.relational.FKIndexAssociation" directorySegmentName="seg_0" id="480F3A59-4FD4-9E7C-6D40-174DEAFA2C26" containerWithKeyObject="322D4A1D-EC83-10C1-81D1-FE298804EE1F" localFKIndex="16502DCE-9465-339F-A9D5-C61575C0DCC5" name="plantio_cultura_FK">
<createdBy>Lucas</createdBy>
<createdTime>2025-04-16 19:45:20 UTC</createdTime>
<generatorID>B5909CDA-93AE-2775-0C8C-4BA6C14F7807</generatorID>
<ownerDesignName>exportacao_farm_tech</ownerDesignName>
<referredTableLongName>cultura</referredTableLongName>
<deleteRule>NO ACTION</deleteRule>
<referredTableID>C0F7CE4C-8C70-82BA-6A13-8F0D18830303</referredTableID>
<keyObject>9770DB3F-401F-7DE1-B812-C9467F4A445F</keyObject>
<referredKeyID>9770DB3F-401F-7DE1-B812-C9467F4A445F</referredKeyID>
<mandatory>true</mandatory>
<refColNames>id_cultura</refColNames>
<transferable>true</transferable>
<rely>false</rely>
<columnDependencyConstraintGenerateInDDL>true</columnDependencyConstraintGenerateInDDL>
</FKIndexAssociation>