<?xml version = '1.0' encoding = 'UTF-8'?>
<FKIndexAssociation class="oracle.dbtools.crest.model.design.relational.FKIndexAssociation" directorySegmentName="seg_0" id="55C8095D-476E-3634-FC5F-E460DC9643E9" containerWithKeyObject="E1233D1E-2ABC-0D0F-E72C-A6A294C4E467" localFKIndex="366CF461-55D1-9E48-1DEF-BEE30F571491" name="irrigacao_plantio_FK">
<createdBy>Lucas</createdBy>
<createdTime>2025-04-16 19:45:20 UTC</createdTime>
<generatorID>00D62E1F-FC8F-19F0-FDA2-F6F6D36A051B</generatorID>
<ownerDesignName>exportacao_farm_tech</ownerDesignName>
<referredTableLongName>plantio</referredTableLongName>
<deleteRule>NO ACTION</deleteRule>
<referredTableID>322D4A1D-EC83-10C1-81D1-FE298804EE1F</referredTableID>
<keyObject>BFD1F4CA-AF7E-87A6-F91F-93F1D3C579FC</keyObject>
<referredKeyID>BFD1F4CA-AF7E-87A6-F91F-93F1D3C579FC</referredKeyID>
<mandatory>true</mandatory>
<refColNames>id_plantio</refColNames>
<transferable>true</transferable>
<rely>false</rely>
<columnDependencyConstraintGenerateInDDL>true</columnDependencyConstraintGenerateInDDL>
</FKIndexAssociation>