<?xml version = '1.0' encoding = 'UTF-8'?>
<FKIndexAssociation class="oracle.dbtools.crest.model.design.relational.FKIndexAssociation" directorySegmentName="seg_0" id="914741DD-1851-BB11-F7AF-166CF2513ABE" containerWithKeyObject="B33884CB-1963-1DD9-76D6-5D9EEB28E971" localFKIndex="9663591D-173B-6308-9BA9-6B6A7B4F384A" name="aplicacao_unidade_FK">
<createdBy>Lucas</createdBy>
<createdTime>2025-04-16 19:45:20 UTC</createdTime>
<generatorID>1D4EF359-80FB-CC61-8A3D-467FE82A7251</generatorID>
<ownerDesignName>exportacao_farm_tech</ownerDesignName>
<referredTableLongName>unidade_medida</referredTableLongName>
<deleteRule>NO ACTION</deleteRule>
<referredTableID>9C17B99A-7C2B-53A8-3F3C-F4CFC8585DED</referredTableID>
<keyObject>7025445B-34EA-3505-C47B-A80636B20D00</keyObject>
<referredKeyID>7025445B-34EA-3505-C47B-A80636B20D00</referredKeyID>
<mandatory>true</mandatory>
<refColNames>id_unidade</refColNames>
<transferable>true</transferable>
<rely>false</rely>
<columnDependencyConstraintGenerateInDDL>true</columnDependencyConstraintGenerateInDDL>
</FKIndexAssociation>