<?xml version = '1.0' encoding = 'UTF-8'?>
<FKIndexAssociation class="oracle.dbtools.crest.model.design.relational.FKIndexAssociation" directorySegmentName="seg_0" id="A487E4C9-4C15-3ED4-D022-12CC60986A30" containerWithKeyObject="DC5D36D3-D8C4-E005-2997-24DF533B3082" localFKIndex="7024660D-7FC1-DB7C-198F-B94456FBFF48" name="leiturasensor_plantio_FK">
<createdBy>Lucas</createdBy>
<createdTime>2025-04-16 19:45:20 UTC</createdTime>
<generatorID>E458553F-1FE6-D67B-6B93-0EF69FA644F8</generatorID>
<ownerDesignName>exportacao_farm_tech</ownerDesignName>
<referredTableLongName>plantio</referredTableLongName>
<deleteRule>NO ACTION</deleteRule>
<referredTableID>322D4A1D-EC83-10C1-81D1-FE298804EE1F</referredTableID>
<keyObject>BFD1F4CA-AF7E-87A6-F91F-93F1D3C579FC</keyObject>
<referredKeyID>BFD1F4CA-AF7E-87A6-F91F-93F1D3C579FC</referredKeyID>
<mandatory>true</mandatory>
<refColNames>id_plantio</refColNames>
<transferable>true</transferable>
<rely>false</rely>
<columnDependencyConstraintGenerateInDDL>true</columnDependencyConstraintGenerateInDDL>
</FKIndexAssociation>