<?xml version = '1.0' encoding = 'UTF-8'?>
<FKIndexAssociation class="oracle.dbtools.crest.model.design.relational.FKIndexAssociation" directorySegmentName="seg_0" id="AB39D373-4BDB-698D-7280-4871E03F7E4A" containerWithKeyObject="171E6F15-185B-ED60-7205-D0ADC1A0A55B" localFKIndex="05D034E6-6092-17FD-ECCC-7164C564E981" name="campo_propriedade_FK">
<createdBy>Lucas</createdBy>
<createdTime>2025-04-16 19:45:20 UTC</createdTime>
<generatorID>AD1801E4-29EA-0A0F-F928-AEF48448A093</generatorID>
<ownerDesignName>exportacao_farm_tech</ownerDesignName>
<referredTableLongName>propriedade</referredTableLongName>
<deleteRule>NO ACTION</deleteRule>
<referredTableID>6D261316-FCC2-9669-419C-2F08E6ABD000</referredTableID>
<keyObject>3AAF7041-6B10-3E33-2DA0-5C176AD42644</keyObject>
<referredKeyID>3AAF7041-6B10-3E33-2DA0-5C176AD42644</referredKeyID>
<mandatory>true</mandatory>
<refColNames>id_propriedade</refColNames>
<transferable>true</transferable>
<rely>false</rely>
<columnDependencyConstraintGenerateInDDL>true</columnDependencyConstraintGenerateInDDL>
</FKIndexAssociation>