<?xml version = '1.0' encoding = 'UTF-8'?>
<FKIndexAssociation class="oracle.dbtools.crest.model.design.relational.FKIndexAssociation" directorySegmentName="seg_0" id="B0B73F7D-0AC6-1D22-43C3-BCED8160EA14" containerWithKeyObject="B33884CB-1963-1DD9-76D6-5D9EEB28E971" localFKIndex="27D61CCA-9BCF-713D-CD37-744950CA470C" name="aplicacao_nutrientes_nutriente_FK">
<createdBy>Lucas</createdBy>
<createdTime>2025-04-16 19:45:20 UTC</createdTime>
<generatorID>F7089D26-CBB2-F685-DACC-47AA9B2A2A0D</generatorID>
<ownerDesignName>exportacao_farm_tech</ownerDesignName>
<referredTableLongName>nutriente</referredTableLongName>
<deleteRule>NO ACTION</deleteRule>
<referredTableID>CDE5E009-42B9-9A93-FCFE-116193292275</referredTableID>
<keyObject>E3FE6BFE-E13B-5E8D-C3E5-2CB82FD8A07A</keyObject>
<referredKeyID>E3FE6BFE-E13B-5E8D-C3E5-2CB82FD8A07A</referredKeyID>
<mandatory>true</mandatory>
<refColNames>id_nutriente</refColNames>
<transferable>true</transferable>
<rely>false</rely>
<columnDependencyConstraintGenerateInDDL>true</columnDependencyConstraintGenerateInDDL>
</FKIndexAssociation>