<?xml version = '1.0' encoding = 'UTF-8'?>
<FKIndexAssociation class="oracle.dbtools.crest.model.design.relational.FKIndexAssociation" directorySegmentName="seg_0" id="B9EE5ECB-B316-FCCA-8DC4-D9AAE56A2F89" containerWithKeyObject="DC5D36D3-D8C4-E005-2997-24DF533B3082" localFKIndex="4EC82F35-8792-AAE9-81B9-5ACB32FF2979" name="leiturasensor_unidade_FK">
<createdBy>Lucas</createdBy>
<createdTime>2025-04-16 19:45:20 UTC</createdTime>
<generatorID>686CF893-FCC0-0EFB-1676-8F269519FB4E</generatorID>
<ownerDesignName>exportacao_farm_tech</ownerDesignName>
<referredTableLongName>unidade_medida</referredTableLongName>
<deleteRule>NO ACTION</deleteRule>
<referredTableID>9C17B99A-7C2B-53A8-3F3C-F4CFC8585DED</referredTableID>
<keyObject>7025445B-34EA-3505-C47B-A80636B20D00</keyObject>
<referredKeyID>7025445B-34EA-3505-C47B-A80636B20D00</referredKeyID>
<mandatory>true</mandatory>
<refColNames>id_unidade</refColNames>
<transferable>true</transferable>
<rely>false</rely>
<columnDependencyConstraintGenerateInDDL>true</columnDependencyConstraintGenerateInDDL>
</FKIndexAssociation>