<?xml version = '1.0' encoding = 'UTF-8'?>
<FKIndexAssociation class="oracle.dbtools.crest.model.design.relational.FKIndexAssociation" directorySegmentName="seg_0" id="C7BC406C-B4D7-298E-10D3-D215CFCC98C5" containerWithKeyObject="565ECCA9-774A-FAC7-B039-9C2BD515B213" localFKIndex="B2C02400-61EA-72A9-476D-EE4E221AE800" name="sensor_tiposensor_FK">
<createdBy>Lucas</createdBy>
<createdTime>2025-04-16 19:45:20 UTC</createdTime>
<generatorID>F8A2E96F-12DE-57CE-5B15-53C3A4E6C139</generatorID>
<ownerDesignName>exportacao_farm_tech</ownerDesignName>
<referredTableLongName>tiposensor</referredTableLongName>
<deleteRule>NO ACTION</deleteRule>
<referredTableID>9AB58A95-14D7-132A-EAB8-B6F0FC9D5861</referredTableID>
<keyObject>B074BBE8-81DF-4272-BCCB-3BF2B3CD191E</keyObject>
<referredKeyID>B074BBE8-81DF-4272-BCCB-3BF2B3CD191E</referredKeyID>
<mandatory>true</mandatory>
<refColNames>id_tipo_sensor</refColNames>
<transferable>true</transferable>
<rely>false</rely>
<columnDependencyConstraintGenerateInDDL>true</columnDependencyConstraintGenerateInDDL>
</FKIndexAssociation>