<?xml version = '1.0' encoding = 'UTF-8'?>
<DomainFile class="oracle.dbtools.crest.model.design.DomainFileWrapper" fileName="FarmTech_Schema_Domains">
<domains>
<Domain class="oracle.dbtools.crest.model.design.Domain" name="VARCHAR_0_0_100" id="3095B019-0E04-6D98-D4C9-22BED9FE0ADC">
<createdBy>tomat</createdBy>
<createdTime>2025-04-16 17:22:07 UTC</createdTime>
<ownerDesignName>FarmTech</ownerDesignName>
<avTSortOrder>0</avTSortOrder>
<dataTypePrecision>0</dataTypePrecision>
<dataTypeScale>0</dataTypeScale>
<dataTypeSize>100</dataTypeSize>
<fileName>FarmTech_Schema_Domains</fileName>
<logicalDatatype>LOGDT024</logicalDatatype>
</Domain>
<Domain class="oracle.dbtools.crest.model.design.Domain" name="NUMERIC_12_4_0" id="4BEBCE59-39A9-095F-9BB5-2885363BE13B">
<createdBy>tomat</createdBy>
<createdTime>2025-04-16 17:22:07 UTC</createdTime>
<ownerDesignName>FarmTech</ownerDesignName>
<avTSortOrder>0</avTSortOrder>
<dataTypePrecision>12</dataTypePrecision>
<dataTypeScale>4</dataTypeScale>
<dataTypeSize>0</dataTypeSize>
<fileName>FarmTech_Schema_Domains</fileName>
<logicalDatatype>LOGDT019</logicalDatatype>
</Domain>
<Domain class="oracle.dbtools.crest.model.design.Domain" name="Integer_0_0_0" id="5AA037DF-3A48-095D-98DE-EDFD292E9EA1">
<createdBy>tomat</createdBy>
<createdTime>2025-04-16 17:22:07 UTC</createdTime>
<ownerDesignName>FarmTech</ownerDesignName>
<avTSortOrder>0</avTSortOrder>
<fileName>FarmTech_Schema_Domains</fileName>
<logicalDatatype>LOGDT011</logicalDatatype>
</Domain>
<Domain class="oracle.dbtools.crest.model.design.Domain" name="TIMESTAMP WITH LOCAL TIME ZONE_6_0_0" id="7A2D91F7-4E23-AF8A-2D34-E35250799440">
<createdBy>tomat</createdBy>
<createdTime>2025-04-16 17:22:07 UTC</createdTime>
<ownerDesignName>FarmTech</ownerDesignName>
<avTSortOrder>0</avTSortOrder>
<dataTypePrecision>6</dataTypePrecision>
<fileName>FarmTech_Schema_Domains</fileName>
<logicalDatatype>LOGDT047</logicalDatatype>
</Domain>
<Domain class="oracle.dbtools.crest.model.design.Domain" name="VARCHAR_0_0_20" id="9CE507E2-6710-8C0B-A279-32632AA6DB7B">
<createdBy>tomat</createdBy>
<createdTime>2025-04-16 17:22:07 UTC</createdTime>
<ownerDesignName>FarmTech</ownerDesignName>
<avTSortOrder>0</avTSortOrder>
<dataTypePrecision>0</dataTypePrecision>
<dataTypeScale>0</dataTypeScale>
<dataTypeSize>20</dataTypeSize>
<fileName>FarmTech_Schema_Domains</fileName>
<logicalDatatype>LOGDT024</logicalDatatype>
</Domain>
<Domain class="oracle.dbtools.crest.model.design.Domain" name="Date_0_0_0" id="A18ECDFD-FFBE-EC68-BD05-386B08336951">
<createdBy>tomat</createdBy>
<createdTime>2025-04-16 17:22:07 UTC</createdTime>
<ownerDesignName>FarmTech</ownerDesignName>
<avTSortOrder>0</avTSortOrder>
<fileName>FarmTech_Schema_Domains</fileName>
<logicalDatatype>LOGDT007</logicalDatatype>
</Domain>
<Domain class="oracle.dbtools.crest.model.design.Domain" name="NUMERIC_10_2_0" id="B5DFAD7C-3142-4285-9E75-F431684F4611">
<createdBy>tomat</createdBy>
<createdTime>2025-04-16 17:22:07 UTC</createdTime>
<ownerDesignName>FarmTech</ownerDesignName>
<avTSortOrder>0</avTSortOrder>
<dataTypePrecision>10</dataTypePrecision>
<dataTypeScale>2</dataTypeScale>
<dataTypeSize>0</dataTypeSize>
<fileName>FarmTech_Schema_Domains</fileName>
<logicalDatatype>LOGDT019</logicalDatatype>
</Domain>
<Domain class="oracle.dbtools.crest.model.design.Domain" name="TIMESTAMP WITH TIME ZONE_6_0_0" id="EA3F2E0E-C475-4BB5-99C9-82025189FFB7">
<createdBy>tomat</createdBy>
<createdTime>2025-04-16 17:22:07 UTC</createdTime>
<ownerDesignName>FarmTech</ownerDesignName>
<avTSortOrder>0</avTSortOrder>
<dataTypePrecision>6</dataTypePrecision>
<fileName>FarmTech_Schema_Domains</fileName>
<logicalDatatype>LOGDT046</logicalDatatype>
</Domain>
<Domain class="oracle.dbtools.crest.model.design.Domain" name="NUMERIC_0_0_0" id="FDAC3A0D-BFE5-6C5F-8D25-101B83AAE768">
<createdBy>tomat</createdBy>
<createdTime>2025-04-16 17:22:07 UTC</createdTime>
<ownerDesignName>FarmTech</ownerDesignName>
<avTSortOrder>0</avTSortOrder>
<fileName>FarmTech_Schema_Domains</fileName>
<logicalDatatype>LOGDT019</logicalDatatype>
</Domain>
</domains>
</DomainFile>