<?xml version = '1.0' encoding = 'UTF-8'?>
<relationalModel class="oracle.dbtools.crest.model.design.relational.RelationalDesign" name="FarmTech_Schema" id="C8905BFD-6846-F80D-AB16-CFC17DFE0C62" mainViewID="EBE85A52-AA9D-ECB8-694B-AA3718D3B2CA">
<createdBy>tomat</createdBy>
<createdTime>2025-04-16 17:21:51 UTC</createdTime>
<ownerDesignName>FarmTech</ownerDesignName>
<shouldBeOpen>true</shouldBeOpen>
<selectedRDBMSSite>3FD120B5-9F4E-6278-D5E2-746D192C8319</selectedRDBMSSite>
<importDDLFileStamps>
<importDDLFileStamp class="oracle.dbtools.crest.imports.DDLFileStamp">
<fileName>FarmTech_Schema.ddl</fileName>
<pathName>C:\Users\tomat\fiap\SQL FASE 2 TRAB</pathName>
<dbType>11</dbType>
</importDDLFileStamp>
</importDDLFileStamps>
</relationalModel>