<?xml version = '1.0' encoding = 'UTF-8'?>
<Relation class="oracle.dbtools.crest.model.design.logical.Relation" name="irrigar_plantio" directorySegmentName="seg_0" id="00D62E1F-FC8F-19F0-FDA2-F6F6D36A051B">
<createdBy>Lucas</createdBy>
<createdTime>2025-04-16 19:25:46 UTC</createdTime>
<ownerDesignName>exportacao_farm_tech</ownerDesignName>
<engineerTo>
<item key="C8905BFD-6846-F80D-AB16-CFC17DFE0C62" value="true"/>
</engineerTo>
<sourcePk>7B78C4CB-F245-2071-BE72-71A43802DAB7</sourcePk>
<identifying>false</identifying>
<optionalSource>true</optionalSource>
<optionalTarget>false</optionalTarget>
<sourceCardinality>1</sourceCardinality>
<sourceEntity>F3596754-CDDE-83F7-C9D8-6D6EEBE446EF</sourceEntity>
<targetCardinalityString>*</targetCardinalityString>
<targetEntity>C700F290-F6BC-8B65-A449-4475AAE9A9CA</targetEntity>
<transferable>true</transferable>
<deleteRule>NO ACTION</deleteRule>
</Relation>