<?xml version = '1.0' encoding = 'UTF-8'?>
<Relation class="oracle.dbtools.crest.model.design.logical.Relation" name="aplicacao_nutrientes_rel" directorySegmentName="seg_0" id="180D35A2-9173-7D07-F1D4-949EDE63AB68">
<createdBy>Lucas</createdBy>
<createdTime>2025-04-16 19:14:09 UTC</createdTime>
<ownerDesignName>exportacao_farm_tech</ownerDesignName>
<engineerTo>
<item key="C8905BFD-6846-F80D-AB16-CFC17DFE0C62" value="true"/>
</engineerTo>
<sourcePk>7B78C4CB-F245-2071-BE72-71A43802DAB7</sourcePk>
<identifying>false</identifying>
<optionalSource>true</optionalSource>
<optionalTarget>false</optionalTarget>
<sourceCardinality>1</sourceCardinality>
<sourceEntity>F3596754-CDDE-83F7-C9D8-6D6EEBE446EF</sourceEntity>
<targetCardinalityString>*</targetCardinalityString>
<targetEntity>DD08317C-598E-1BB5-FBBD-31FC023FC58D</targetEntity>
<transferable>true</transferable>
<deleteRule>NO ACTION</deleteRule>
</Relation>