<?xml version = '1.0' encoding = 'UTF-8'?>
<Relation class="oracle.dbtools.crest.model.design.logical.Relation" name="medicao_irrigacao" directorySegmentName="seg_0" id="2B3A79CF-9FA6-2CFB-9C3E-432F40B4D4BA">
<createdBy>Lucas</createdBy>
<createdTime>2025-04-16 19:24:53 UTC</createdTime>
<ownerDesignName>exportacao_farm_tech</ownerDesignName>
<engineerTo>
<item key="C8905BFD-6846-F80D-AB16-CFC17DFE0C62" value="true"/>
</engineerTo>
<sourcePk>8912F1F0-ABB8-155B-2468-8811D8225EF4</sourcePk>
<identifying>false</identifying>
<optionalSource>true</optionalSource>
<optionalTarget>false</optionalTarget>
<sourceCardinality>1</sourceCardinality>
<sourceEntity>02B4B38F-C71C-3F2C-8C25-8E790056B90F</sourceEntity>
<targetCardinalityString>*</targetCardinalityString>
<targetEntity>C700F290-F6BC-8B65-A449-4475AAE9A9CA</targetEntity>
<transferable>true</transferable>
<deleteRule>NO ACTION</deleteRule>
</Relation>