<?xml version = '1.0' encoding = 'UTF-8'?>
<Relation class="oracle.dbtools.crest.model.design.logical.Relation" name="medicao_leitura" directorySegmentName="seg_0" id="686CF893-FCC0-0EFB-1676-8F269519FB4E">
<createdBy>Lucas</createdBy>
<createdTime>2025-04-16 19:28:43 UTC</createdTime>
<ownerDesignName>exportacao_farm_tech</ownerDesignName>
<engineerTo>
<item key="C8905BFD-6846-F80D-AB16-CFC17DFE0C62" value="true"/>
</engineerTo>
<sourcePk>8912F1F0-ABB8-155B-2468-8811D8225EF4</sourcePk>
<identifying>false</identifying>
<optionalSource>true</optionalSource>
<optionalTarget>false</optionalTarget>
<sourceCardinality>1</sourceCardinality>
<sourceEntity>02B4B38F-C71C-3F2C-8C25-8E790056B90F</sourceEntity>
<targetCardinalityString>*</targetCardinalityString>
<targetEntity>A0A26CA5-E955-A6C7-3581-7F92ED6AFA17</targetEntity>
<transferable>true</transferable>
<deleteRule>NO ACTION</deleteRule>
</Relation>