<?xml version = '1.0' encoding = 'UTF-8'?>
<Relation class="oracle.dbtools.crest.model.design.logical.Relation" name="identificacao_sensor" directorySegmentName="seg_0" id="82219143-6825-BB57-6A8F-48F9BA749AF4">
<createdBy>Lucas</createdBy>
<createdTime>2025-04-16 18:59:11 UTC</createdTime>
<ownerDesignName>exportacao_farm_tech</ownerDesignName>
<engineerTo>
<item key="C8905BFD-6846-F80D-AB16-CFC17DFE0C62" value="true"/>
</engineerTo>
<sourcePk>B8D253AB-7C67-86F1-0DCB-436EC83DB142</sourcePk>
<identifying>false</identifying>
<optionalSource>true</optionalSource>
<optionalTarget>false</optionalTarget>
<sourceCardinality>1</sourceCardinality>
<sourceEntity>46D42696-5842-406F-3919-508EB664FE5A</sourceEntity>
<targetCardinalityString>*</targetCardinalityString>
<targetEntity>A0A26CA5-E955-A6C7-3581-7F92ED6AFA17</targetEntity>
<transferable>true</transferable>
<deleteRule>NO ACTION</deleteRule>
</Relation>