<?xml version = '1.0' encoding = 'UTF-8'?>
<Relation class="oracle.dbtools.crest.model.design.logical.Relation" name="campo propriedade FK" directorySegmentName="seg_0" id="AD1801E4-29EA-0A0F-F928-AEF48448A093">
<createdBy>tomat</createdBy>
<createdTime>2025-04-16 17:23:09 UTC</createdTime>
<generatorID>3D68C881-98BA-DDB8-CEDB-627EF9513F3F</generatorID>
<ownerDesignName>FarmTech</ownerDesignName>
<engineerTo>
<item key="C8905BFD-6846-F80D-AB16-CFC17DFE0C62" value="true"/>
</engineerTo>
<sourcePk>2DD96479-F216-8EB1-67B3-C83E6A613D08</sourcePk>
<identifying>false</identifying>
<optionalSource>true</optionalSource>
<optionalTarget>false</optionalTarget>
<sourceCardinality>1</sourceCardinality>
<sourceEntity>4EA696D2-E784-29B8-5B08-F95CD78F0D43</sourceEntity>
<targetCardinalityString>*</targetCardinalityString>
<targetEntity>6B8DC6D8-CBD1-C2BA-0E6D-F241865C5D01</targetEntity>
<transferable>true</transferable>
<deleteRule>NO ACTION</deleteRule>
</Relation>