<?xml version = '1.0' encoding = 'UTF-8'?>
<Relation class="oracle.dbtools.crest.model.design.logical.Relation" name="plantio cultura FK" directorySegmentName="seg_0" id="B5909CDA-93AE-2775-0C8C-4BA6C14F7807">
<createdBy>tomat</createdBy>
<createdTime>2025-04-16 17:23:09 UTC</createdTime>
<generatorID>C91F9DEF-323C-EDE7-FF8C-FF273019C298</generatorID>
<ownerDesignName>FarmTech</ownerDesignName>
<engineerTo>
<item key="C8905BFD-6846-F80D-AB16-CFC17DFE0C62" value="true"/>
</engineerTo>
<sourcePk>4F7BF75F-40D3-5A12-6D7C-0DC6273C97A9</sourcePk>
<identifying>false</identifying>
<optionalSource>true</optionalSource>
<optionalTarget>false</optionalTarget>
<sourceCardinality>1</sourceCardinality>
<sourceEntity>86DFB87F-810B-B5B9-4783-6F765BD59D15</sourceEntity>
<targetCardinalityString>*</targetCardinalityString>
<targetEntity>F3596754-CDDE-83F7-C9D8-6D6EEBE446EF</targetEntity>
<transferable>true</transferable>
<deleteRule>NO ACTION</deleteRule>
</Relation>