<?xml version = '1.0' encoding = 'UTF-8'?>
<Relation class="oracle.dbtools.crest.model.design.logical.Relation" name="plantio campo FK" directorySegmentName="seg_0" id="E2E64E78-98A2-97D7-6A06-FC9A1AA37786">
<createdBy>tomat</createdBy>
<createdTime>2025-04-16 17:23:09 UTC</createdTime>
<generatorID>E7B8DDA8-43D9-F76A-27B0-A13EA8FCC7D7</generatorID>
<ownerDesignName>FarmTech</ownerDesignName>
<engineerTo>
<item key="C8905BFD-6846-F80D-AB16-CFC17DFE0C62" value="true"/>
</engineerTo>
<sourcePk>91FE3930-592C-5F10-22D2-61E0BDFAD0B1</sourcePk>
<identifying>false</identifying>
<optionalSource>true</optionalSource>
<optionalTarget>false</optionalTarget>
<sourceCardinality>1</sourceCardinality>
<sourceEntity>6B8DC6D8-CBD1-C2BA-0E6D-F241865C5D01</sourceEntity>
<targetCardinalityString>*</targetCardinalityString>
<targetEntity>F3596754-CDDE-83F7-C9D8-6D6EEBE446EF</targetEntity>
<transferable>true</transferable>
<deleteRule>NO ACTION</deleteRule>
</Relation>