<?xml version = '1.0' encoding = 'UTF-8'?>
<Relation class="oracle.dbtools.crest.model.design.logical.Relation" name="Relation_12" directorySegmentName="seg_0" id="E458553F-1FE6-D67B-6B93-0EF69FA644F8">
<createdBy>Lucas</createdBy>
<createdTime>2025-04-16 18:40:56 UTC</createdTime>
<ownerDesignName>exportacao_farm_tech</ownerDesignName>
<engineerTo>
<item key="C8905BFD-6846-F80D-AB16-CFC17DFE0C62" value="true"/>
</engineerTo>
<sourcePk>7B78C4CB-F245-2071-BE72-71A43802DAB7</sourcePk>
<identifying>false</identifying>
<optionalSource>true</optionalSource>
<optionalTarget>false</optionalTarget>
<sourceCardinality>1</sourceCardinality>
<sourceEntity>F3596754-CDDE-83F7-C9D8-6D6EEBE446EF</sourceEntity>
<targetCardinalityString>*</targetCardinalityString>
<targetEntity>A0A26CA5-E955-A6C7-3581-7F92ED6AFA17</targetEntity>
<transferable>true</transferable>
<deleteRule>NO ACTION</deleteRule>
</Relation>