<?xml version = '1.0' encoding = 'UTF-8'?>
<Relation class="oracle.dbtools.crest.model.design.logical.Relation" name="correcao_solo" directorySegmentName="seg_0" id="F7089D26-CBB2-F685-DACC-47AA9B2A2A0D">
<createdBy>Lucas</createdBy>
<createdTime>2025-04-16 19:19:57 UTC</createdTime>
<ownerDesignName>exportacao_farm_tech</ownerDesignName>
<engineerTo>
<item key="C8905BFD-6846-F80D-AB16-CFC17DFE0C62" value="true"/>
</engineerTo>
<sourcePk>9135AE32-913D-0CDD-9CFB-522869F24000</sourcePk>
<identifying>false</identifying>
<optionalSource>true</optionalSource>
<optionalTarget>false</optionalTarget>
<sourceCardinality>1</sourceCardinality>
<sourceEntity>F2A236DA-6005-2D2B-AC69-3D4040F4C9A2</sourceEntity>
<targetCardinalityString>*</targetCardinalityString>
<targetEntity>DD08317C-598E-1BB5-FBBD-31FC023FC58D</targetEntity>
<transferable>true</transferable>
<deleteRule>NO ACTION</deleteRule>
</Relation>