<?xml version = '1.0' encoding = 'UTF-8'?>
<Relation class="oracle.dbtools.crest.model.design.logical.Relation" name="padronizador_sensor" directorySegmentName="seg_0" id="F8A2E96F-12DE-57CE-5B15-53C3A4E6C139">
<createdBy>Lucas</createdBy>
<createdTime>2025-04-16 18:57:53 UTC</createdTime>
<ownerDesignName>exportacao_farm_tech</ownerDesignName>
<engineerTo>
<item key="C8905BFD-6846-F80D-AB16-CFC17DFE0C62" value="true"/>
</engineerTo>
<sourcePk>ACAC2931-5ACE-F886-F0B7-F999E0032BF2</sourcePk>
<identifying>false</identifying>
<optionalSource>true</optionalSource>
<optionalTarget>false</optionalTarget>
<sourceCardinality>1</sourceCardinality>
<sourceEntity>53B0522F-EC4E-9243-E9DB-79E34989DFFD</sourceEntity>
<targetCardinalityString>*</targetCardinalityString>
<targetEntity>46D42696-5842-406F-3919-508EB664FE5A</targetEntity>
<transferable>true</transferable>
<deleteRule>NO ACTION</deleteRule>
</Relation>